都道府県コード又は市区町村コード,NO,都道府県名,市区町村名,名称,名称_カナ,名称_通称,POIコード,住所,方書,緯度,経度,電話番号,内線番号,法人番号,団体名,利用可能曜日,開始時間,終了時間,利用可能日時特記事項,説明,バリアフリー情報,ＵＲＬ,備考
270008,,大阪府,,大阪府北部広域防災拠点,,,,吹田市千里万博公園5-5,,34.810694,135.5395935,,,,,,,,,,,,耐震性能A
270008,,大阪府,,大阪府中部広域防災拠点,,,,八尾市空港1丁目209-7,,34.600609,135.60053,,,,,,,,,,,,耐震性能A
270008,,大阪府,,大阪府南部広域防災拠点,,,,泉南市りんくう南浜2番14号,,34.3752587,135.2555791,,,,,,,,,,,,耐震性能A
270008,,大阪府,,東大阪オフサイトセンター,,,,東大阪市新上小阪1-3,,34.652566,135.589962,,,,,,,,,,,,耐震性能A
270008,,大阪府,,熊取オフサイトセンター,,,,泉南郡熊取町朝代西2丁目1010-1,,34.38753,135.350249,,,,,,,,,,,,耐震性能A
270008,,大阪府,,大阪府立消防学校,,,,大東市平野屋1丁目4番1号,,34.7098437,135.6375308,,,,,,,,,,,,耐震性能A
270008,,大阪府,,大阪府本庁舎（本館）,,,,大阪市中央区大手前2丁目1番22号,,34.686338,135.519667,,,,,,,,,,,,耐震性能A
270008,,大阪府,,大阪府本庁舎（別館）,,,,大阪市中央区大手前3丁目2番12号,,34.6853667,135.5183694,,,,,,,,,,,,耐震性能A
270008,,大阪府,,大阪府咲洲庁舎,,,,大阪市住之江区南港北1-14-16,,34.637903,135.414522,,,,,,,,,,,,耐震性能A
270008,,大阪府,,大阪府新別館南館,,,,大阪市中央区大手前3丁目1番43号,,34.684014,135.5180945,,,,,,,,,,,,耐震性能A
270008,,大阪府,,大阪府新別館北館,,,,大阪市中央区大手前3丁目1番43号,,34.684305,135.518256,,,,,,,,,,,,耐震性能A
270008,,大阪府,,大阪府泉南府民センタービル,,,,岸和田市野田町３丁目13番２号,,34.4542879,135.3802535,,,,,,,,,,,,耐震性能A
270008,,大阪府,,大阪府北河内府民センタービル,,,,枚方市大垣内町２丁目１５番１号,,34.8132097,135.6537359,,,,,,,,,,,,耐震性能A
270008,,大阪府,,大阪府三島府民センタービル,,,,茨木市中穂積１丁目３番４３号,,34.817751,135.558421,,,,,,,,,,,,耐震性能A
270008,,大阪府,,大阪府豊能府民センタービル,,,,池田市城南１丁目１番１号,,34.82199,135.428416,,,,,,,,,,,,耐震性能A
270008,,大阪府,,大阪府南河内府民センタービル,,,,富田林市寿町２丁目６番１号,,34.5024132,135.5965194,,,,,,,,,,,,耐震性能A
270008,,大阪府,,大阪府立修徳学院,,,,柏原市大字高井田809番1号,,34.573189,135.643085,,,,,,,,,,,,耐震性能A
270008,,大阪府,,大阪府立砂川厚生福祉センター,,,,泉南市馬場3丁目1566,,34.357714,135.2730062,,,,,,,,,,,,耐震性能A
270008,,大阪府,,障がい者医療・リハビリテーションセンター,,,,大阪市住吉区大領３丁目２－３６ ,,34.616637,135.506551,,,,,,,,,,,,耐震性能A
270008,,大阪府,,大阪府広域医療搬送拠点八尾ＳＣＵ,,,,八尾市空港1丁目,,34.600163,135.600557,,,,,,,,,,,,耐震性能A
270008,,大阪府,,大阪府岸和田保健所,,,,岸和田市野田町3丁目13番1号,,34.4548046,135.3803673,,,,,,,,,,,,耐震性能A
270008,,大阪府,,大阪府池田保健所,,,,池田市満寿美町3番19号,,34.8194969,135.427194,,,,,,,,,,,,耐震性能A
270008,,大阪府,,大阪府吹田保健所,,,,吹田市出口町19番3号,,34.7638576,135.5147156,,,,,,,,,,,,耐震性能A
270008,,大阪府,,大阪府茨木保健所,,,,茨木市大住町8番11号,,34.82308,135.575567,,,,,,,,,,,,耐震性能A
270008,,大阪府,,大阪府泉佐野保健所,,,,泉佐野市上瓦屋583番1,,34.41598,135.335748,,,,,,,,,,,,耐震性能A
270008,,大阪府,,大阪府富田林保健所,,,,富田林市寿町3丁目1番35号,,34.5018577,135.5935031,,,,,,,,,,,,耐震性能A
270008,,大阪府,,大阪府和泉保健所,,,,和泉市府中町6丁目12番3号,,34.4887929,135.4280848,,,,,,,,,,,,耐震性能A
270008,,大阪府,,大阪府藤井寺保健所,,,,藤井寺市藤井寺1丁目8番36号,,34.5705692,135.5989764,,,,,,,,,,,,耐震性能A
270008,,大阪府,,大阪府四條畷保健所,,,,四條畷市江瀬美町1番16号,,34.7374019,135.6364277,,,,,,,,,,,,耐震性能A
270008,,大阪府,,大阪府立中河内救命救急センター,,,,東大阪市西岩田3丁目4番13号,,34.6653594,135.5973935,,,,,,,,,,,,耐震性能A
270008,,大阪府,,大阪府泉北府民センタービル,,,,堺市西区鳳東町４丁３９０－１,,34.532539,135.462394,,,,,,,,,,,,耐震性能A
270008,,大阪府,,大阪府中河内府民センタービル,,,,八尾市荘内町2丁目1番36号,,34.6261694,135.6089517,,,,,,,,,,,,耐震性能A
270008,,大阪府,,大阪府西大阪治水事務所,,,,大阪市西区江之子島2丁目1番64号,,34.681804,135.484839,,,,,,,,,,,,耐震性能A
270008,,大阪府,,大阪府寝屋川水系改修工営所,,,,大阪市城東区東中浜4－6－35,,34.6865504,135.5505558,,,,,,,,,,,,耐震性能A
270008,,大阪府,,平野川分水路排水機場,,,,大阪市城東区東中浜7－9－6,,34.6876364,135.5535639,,,,,,,,,,,,耐震性能A
270008,,大阪府,,茨田ポンプ場,,,,大阪市鶴見区諸口5丁目2番27号,,34.7029354,135.5833279,,,,,,,,,,,,耐震性能A
270008,,大阪府,,岸部ポンプ場,,,,吹田市南正雀3丁目5番1号,,34.7699682,135.545321,,,,,,,,,,,,耐震性能A
270008,,大阪府,,高槻水みらいセンター,,,,高槻市番田2丁目1番1号,,34.823076,135.62161,,,,,,,,,,,,耐震性能A
270008,,大阪府,,前島ポンプ場,,,,高槻市前島4丁目30番1号,,34.8380432,135.6424835,,,,,,,,,,,,耐震性能A
270008,,大阪府,,中部水みらいセンター,,,,貝塚市二色南町6-1,,34.457438,135.335705,,,,,,,,,,,,耐震性能A
270008,,大阪府,,菊水ポンプ場,,,,守口市菊水通1丁目2番4号,,34.7330375,135.5770693,,,,,,,,,,,,耐震性能A
270008,,大阪府,,渚水みらいセンター,,,,枚方市渚内野4丁目10番1号,,34.838006,135.654271,,,,,,,,,,,,耐震性能A
270008,,大阪府,,大阪府北部流域下水道事務所,,,,茨木市下穂積1丁目180,,34.808835,135.556633,,,,,,,,,,,,耐震性能A
270008,,大阪府,,穂積ポンプ場,,,,茨木市下穂積1丁目180,,34.808835,135.556633,,,,,,,,,,,,耐震性能A
270008,,大阪府,,中央水みらいセンター,,,,茨木市宮島3丁目1番1号,,34.78262,135.5721853,,,,,,,,,,,,耐震性能A
270008,,大阪府,,小阪合ポンプ場,,,,八尾市南小阪合町1丁目2番7号,,34.624611,135.613177,,,,,,,,,,,,耐震性能A
270008,,大阪府,,新家ポンプ場,,,,八尾市新家町1丁目97,,34.6439338,135.5988106,,,,,,,,,,,,耐震性能A
270008,,大阪府,,長吉ポンプ場,,,,八尾市南亀井町3丁目1番56号,,34.6153837,135.5757552,,,,,,,,,,,,耐震性能A
270008,,大阪府,,萱島ポンプ場,,,,寝屋川市東神田町193-1,,34.752956,135.613899,,,,,,,,,,,,耐震性能A
270008,,大阪府,,太平ポンプ場,,,,寝屋川市讃良西町7番21号,,34.7429429,135.6211428,,,,,,,,,,,,耐震性能A
270008,,大阪府,,今池水みらいセンター,,,,松原市天美西７丁目２６５番地１号,,34.591591,135.524554,,,,,,,,,,,,耐震性能A
270008,,大阪府,,深野ポンプ場,,,,大東市南新田1丁目4番8号,,34.7026776,135.6337977,,,,,,,,,,,,耐震性能A
270008,,大阪府,,深野北ポンプ場,,,,大東市深野北2丁目171番4号,,34.725424,135.626889,,,,,,,,,,,,耐震性能A
270008,,大阪府,,氷野ポンプ場,,,,大東市大東町2-1,,34.7133735,135.622204,,,,,,,,,,,,耐震性能A
270008,,大阪府,,桑才ポンプ場,,,,門真市東田町15-1,,34.7267273,135.5941179,,,,,,,,,,,,耐震性能A
270008,,大阪府,,摂津ポンプ場,,,,摂津市鳥飼本町2丁目13番31号,,34.7842257,135.5829482,,,,,,,,,,,,耐震性能A
270008,,大阪府,,味舌ポンプ場,,,,摂津市正雀 4丁目15番10号,,34.773552,135.556279,,,,,,,,,,,,耐震性能A
270008,,大阪府,,大井水みらいセンター,,,,藤井寺市西大井1丁目407番1号,,34.579032,135.603342,,,,,,,,,,,,耐震性能A
270008,,大阪府,,鴻池水みらいセンター,,,,東大阪市北鴻池町1-18,,34.702619,135.594024,,,,,,,,,,,,耐震性能A
270008,,大阪府,,寺島ポンプ場,,,,東大阪市西鴻池町4丁目2番20号,,34.6995693,135.5904245,,,,,,,,,,,,耐震性能A
270008,,大阪府,,小阪ポンプ場,,,,東大阪市若江西新町1丁目11番21号,,34.66109,135.596496,,,,,,,,,,,,耐震性能A
270008,,大阪府,,植付ポンプ場,,,,東大阪市中石切町7丁目2番18号,,34.6863602,135.6351396,,,,,,,,,,,,耐震性能A
270008,,大阪府,,新池島ポンプ場,,,,東大阪市新池島町4丁目3番35号,,34.661529,135.626623,,,,,,,,,,,,耐震性能A
270008,,大阪府,,川俣ポンプ場,,,,東大阪市川俣3丁目4番37号,,34.6812629,135.5789672,,,,,,,,,,,,耐震性能A
270008,,大阪府,,川俣水みらいセンター,,,,東大阪市川俣2丁目1番1号,,34.682825,135.575481,,,,,,,,,,,,耐震性能A
270008,,大阪府,,南部水みらいセンター,,,,泉南市りんくう南浜1番,,34.377206,135.256193,,,,,,,,,,,,耐震性能A
270008,,大阪府,,狭山水みらいセンター,,,,大阪狭山市東池尻6丁目1647,,34.516087,135.5635,,,,,,,,,,,,耐震性能A
270008,,大阪府,,北部水みらいセンター,,,,忠岡町新浜3丁目,,34.502271,135.374095,,,,,,,,,,,,耐震性能A
270008,,大阪府,,原田水みらいセンター,,,,豊中市原田西町1-1,,34.769943,135.448873,,,,,,,,,,,,耐震性能A
270008,,大阪府,,大阪府南部流域下水道事務所,,,,貝塚市港25,,34.451783,135.355167,,,,,,,,,,,,耐震性能A
270008,,大阪府,,大阪府教育センター,,,,大阪市住吉区苅田4丁目13-23,,34.601854,135.5196126,,,,,,,,,,,,耐震性能A
270008,,大阪府,,大阪府警察本部,,,,大阪市中央区大手前3丁目1番11号,,34.6839529,135.5200054,,,,,,,,,,,,耐震性能A
270008,,大阪府,,大阪府警察本部 新北島別館,,,,大阪市住之江区新北島3丁目1番28号,,34.608491,135.468783,,,,,,,,,,,,耐震性能A
270008,,大阪府,,大阪府警察本部 中崎町別館,,,,大阪市北区中崎2丁目4番38号,,34.7088834,135.5061644,,,,,,,,,,,,耐震性能A
270008,,大阪府,,大阪府曽根崎警察署,,,,大阪市北区曽根崎2丁目16番14号,,34.7016674,135.4997734,,,,,,,,,,,,耐震性能A
270008,,大阪府,,大阪府大淀警察署,,,,大阪市北区中津1丁目5番25号,,34.7101468,135.4956265,,,,,,,,,,,,耐震性能A
270008,,大阪府,,大阪府都島警察署,,,,大阪市都島区都島北通1丁目7番1号,,34.7094644,135.5295181,,,,,,,,,,,,耐震性能A
270008,,大阪府,,大阪府此花警察署,,,,大阪市此花区春日出北1丁目3番1号,,34.6817044,135.4507784,,,,,,,,,,,,耐震性能A
270008,,大阪府,,大阪府南警察署 第一別館,,,,大阪市中央区南船場1丁目10番14号,,34.6751148,135.508454,,,,,,,,,,,,耐震性能A
270008,,大阪府,,大阪府東警察署,,,,大阪市中央区本町1丁目3番18号,,34.6832556,135.5089203,,,,,,,,,,,,耐震性能A
270008,,大阪府,,大阪府南警察署,,,,大阪市中央区東心斎橋1丁目5番26,,34.6723901,135.5055349,,,,,,,,,,,,耐震性能A
270008,,大阪府,,大阪府警察第一方面機動警ら隊,,,,大阪市西区立売堀2丁目5番30号,,34.6791087,135.4908915,,,,,,,,,,,,耐震性能A
270008,,大阪府,,大阪府西警察署,,,,大阪市西区川口2丁目6番3号,,34.681947,135.4811784,,,,,,,,,,,,耐震性能A
270008,,大阪府,,大阪府港警察署,,,,大阪市港区市岡1丁目6番22号,,34.6633792,135.4624973,,,,,,,,,,,,耐震性能A
270008,,大阪府,,大阪府大阪水上警察署,,,,大阪市港区海岸通1丁目5番1号,,34.6527156,135.4291729,,,,,,,,,,,,耐震性能A
270008,,大阪府,,大阪府大正警察署,,,,大阪市大正区小林東3丁目4番21,,34.6471259,135.471547,,,,,,,,,,,,耐震性能A
270008,,大阪府,,大阪府天王寺警察署,,,,大阪市天王寺区六万体町5番8号,,34.6575807,135.5151205,,,,,,,,,,,,耐震性能A
270008,,大阪府,,大阪府浪速警察署,,,,大阪市浪速区日本橋5丁目5番11号,,34.654756,135.5059131,,,,,,,,,,,,耐震性能A
270008,,大阪府,,大阪府西淀川警察署,,,,大阪市西淀川区千舟2丁目6番24号,,34.7115565,135.4533192,,,,,,,,,,,,耐震性能A
270008,,大阪府,,大阪府淀川警察署,,,,大阪市淀川区十三本町3丁目7番27号,,34.7232032,135.4814917,,,,,,,,,,,,耐震性能A
270008,,大阪府,,大阪府東淀川警察署,,,,大阪市東淀川区豊新1丁目6番18号,,34.7417136,135.5339034,,,,,,,,,,,,耐震性能A
270008,,大阪府,,大阪府東成警察署,,,,大阪市東成区大今里西1丁目25番15号,,34.6712658,135.5422955,,,,,,,,,,,,耐震性能A
270008,,大阪府,,大阪府生野警察署,,,,大阪市生野区勝山北3丁目14番12号,,34.6545037,135.5344467,,,,,,,,,,,,耐震性能A
270008,,大阪府,,大阪府旭警察署,,,,大阪市旭区中宮1丁目4番1号,,34.7224548,135.5388617,,,,,,,,,,,,耐震性能A
270008,,大阪府,,大阪府警察本部関目別館,,,,大阪市城東区関目6丁目15番4号,,34.7132309,135.5532386,,,,,,,,,,,,耐震性能A
270008,,大阪府,,大阪府警察本部森之宮別館,,,,大阪市城東区森之宮1丁目6番102号,,34.6820617,135.5357626,,,,,,,,,,,,耐震性能A
270008,,大阪府,,大阪府鶴見警察署,,,,大阪市鶴見区諸口6丁目1番1号,,34.7040961,135.5748398,,,,,,,,,,,,耐震性能A
270008,,大阪府,,大阪府阿倍野警察署,,,,大阪市阿倍野区阿倍野筋5丁目13番5号,,34.6379219,135.510116,,,,,,,,,,,,耐震性能A
270008,,大阪府,,大阪府住之江警察署,,,,大阪市住之江区新北島3丁目1番57号,,34.6091415,135.4690067,,,,,,,,,,,,耐震性能A
270008,,大阪府,,大阪府住吉警察署,,,,大阪市住吉区東粉浜3丁目28番3号,,34.6150997,135.4916989,,,,,,,,,,,,耐震性能A
270008,,大阪府,,大阪府平野警察署,,,,大阪市平野区喜連西6丁目2－51,,34.609865,135.548096,,,,,,,,,,,,耐震性能A
270008,,大阪府,,大阪府西成警察署,,,,大阪市西成区萩之茶屋2丁目4番2号,,34.6459626,135.5012777,,,,,,,,,,,,耐震性能A
270008,,大阪府,,大阪府北堺警察署,,,,堺市北区新金岡町1丁1番1号,,34.5658108,135.5137338,,,,,,,,,,,,耐震性能A
270008,,大阪府,,大阪府堺警察署,,,,堺市堺区市之町西1丁1番17号,,34.578839,135.4735374,,,,,,,,,,,,耐震性能A
270008,,大阪府,,大阪府西堺警察署,,,,堺市西区鳳東町4丁388番地,,34.5316773,135.4626503,,,,,,,,,,,,耐震性能A
270008,,大阪府,,大阪府南堺警察署,,,,堺市南区桃山台2丁2番1号,,34.4854049,135.4884183,,,,,,,,,,,,耐震性能A
270008,,大阪府,,大阪府岸和田警察署,,,,岸和田市作才町1057番地,,34.455733,135.384488,,,,,,,,,,,,耐震性能A
270008,,大阪府,,大阪府豊中南警察署,,,,豊中市庄内西町5丁目1番10号,,34.7452754,135.4757114,,,,,,,,,,,,耐震性能A
270008,,大阪府,,大阪府池田警察署,,,,池田市大和町1番1号,,34.8225106,135.4282244,,,,,,,,,,,,耐震性能A
270008,,大阪府,,大阪府吹田警察署,,,,吹田市穂波町13番33号,,34.7538643,135.5120328,,,,,,,,,,,,耐震性能A
270008,,大阪府,,大阪府泉大津警察署,,,,泉大津市田中町2番12号,,34.5043461,135.4068839,,,,,,,,,,,,耐震性能A
270008,,大阪府,,交通機動隊　高槻分駐所,,,,高槻市唐崎北3丁目29番1号,,34.8176505,135.6159776,,,,,,,,,,,,耐震性能A
270008,,大阪府,,大阪府高槻警察署,,,,高槻市野見町2番4号,,34.846228,135.6206935,,,,,,,,,,,,耐震性能A
270008,,大阪府,,大阪府貝塚警察署,,,,貝塚市海塚167番地,,34.4438247,135.359389,,,,,,,,,,,,耐震性能A
270008,,大阪府,,大阪府守口警察署,,,,守口市京阪本通2丁目2番10号,,34.7379591,135.5642647,,,,,,,,,,,,耐震性能A
270008,,大阪府,,交通機動隊　枚方分駐所,,,,枚方市北山1丁目3番20号,,34.841655,135.699123,,,,,,,,,,,,耐震性能A
270008,,大阪府,,大阪府枚方警察署,,,,枚方市大垣内町2丁目16番8号,,34.8142513,135.6537914,,,,,,,,,,,,耐震性能A
270008,,大阪府,,大阪府茨木警察署,,,,茨木市中穂積1丁目6番38号,,34.8190823,135.558836,,,,,,,,,,,,耐震性能A
270008,,大阪府,,交通機動隊　八尾分駐所,,,,八尾市天王寺屋2-2,,34.602181,135.61396,,,,,,,,,,,,耐震性能A
270008,,大阪府,,大阪府警察航空隊,,,,八尾市空港1-1,,34.5983698,135.609927,,,,,,,,,,,,耐震性能A
270008,,大阪府,,大阪府八尾警察署,,,,八尾市高町3番18号,,34.6219334,135.5947921,,,,,,,,,,,,耐震性能A
270008,,大阪府,,りんくうタウン別館,,,,泉佐野市りんくう往来北1-13,,34.414294,135.302728,,,,,,,,,,,,耐震性能A
270008,,大阪府,,大阪府泉佐野警察署,,,,泉佐野市上町2丁目1番1号,,34.4096723,135.3208546,,,,,,,,,,,,耐震性能A
270008,,大阪府,,大阪府富田林警察署,,,,富田林市常盤町2番7号,,34.4993108,135.5965972,,,,,,,,,,,,耐震性能A
270008,,大阪府,,大阪府寝屋川警察署,,,,寝屋川市豊野町26番26号,,34.7680927,135.6304634,,,,,,,,,,,,耐震性能A
270008,,大阪府,,大阪府河内長野警察署,,,,河内長野市西之山町6番1号,,34.454791,135.562183,,,,,,,,,,,,耐震性能A
270008,,大阪府,,大阪府松原警察署,,,,松原市阿保1丁目2番26号,,34.5772153,135.5518695,,,,,,,,,,,,耐震性能A
270008,,大阪府,,交通機動隊　大東分駐所,,,,大東市寺川1丁目19番1号,,34.710071,135.643406,,,,,,,,,,,,耐震性能A
270008,,大阪府,,大阪府警察総合訓練センター,,,,大東市大字龍間1110-1,,34.7145963,135.6692474,,,,,,,,,,,,耐震性能A
270008,,大阪府,,大阪府四條畷警察署,,,,大東市深野3丁目28番1号,,34.719962,135.6338587,,,,,,,,,,,,耐震性能A
270008,,大阪府,,光明池運転免許試験場,,,,和泉市伏屋町5丁目13番1号,,34.4742701,135.4714753,,,,,,,,,,,,耐震性能A
270008,,大阪府,,大阪府和泉警察署,,,,和泉市伯太町2丁目1番7号,,34.4913259,135.4303901,,,,,,,,,,,,耐震性能A
270008,,大阪府,,大阪府箕面警察署,,,,箕面市箕面5丁目11番35号,,34.8309769,135.4709152,,,,,,,,,,,,耐震性能A
270008,,大阪府,,大阪府柏原警察署,,,,柏原市古町2丁目9番9号,,34.5825494,135.6211623,,,,,,,,,,,,耐震性能A
270008,,大阪府,,大阪府羽曳野警察署,,,,羽曳野市誉田4丁目2番1号,,34.5594735,135.6054675,,,,,,,,,,,,耐震性能A
270008,,大阪府,,大阪府門真警察署,,,,門真市柳町13番14号,,34.7358205,135.5888376,,,,,,,,,,,,耐震性能A
270008,,大阪府,,門真運転免許試験場,,,,門真市一番町23番16号,,34.7287215,135.5934234,,,,,,,,,,,,耐震性能A
270008,,大阪府,,大阪府摂津警察署,,,,摂津市南千里丘4番39号,,34.7835972,135.5565089,,,,,,,,,,,,耐震性能A
270008,,大阪府,,大阪府高石警察署,,,,高石市羽衣4丁目2番23号,,34.5330019,135.4371609,,,,,,,,,,,,耐震性能A
270008,,大阪府,,大阪府河内警察署,,,,東大阪市稲葉1丁目7番1号,,34.6709422,135.6142168,,,,,,,,,,,,耐震性能A
270008,,大阪府,,大阪府布施警察署,,,,東大阪市下小阪4丁目1番48号,,34.661876,135.589292,,,,,,,,,,,,耐震性能A
270008,,大阪府,,大阪府枚岡警察署,,,,東大阪市桜町1番8号,,34.6669763,135.6337763,,,,,,,,,,,,耐震性能A
270008,,大阪府,,大阪府泉南警察署,,,,阪南市尾崎町70番地,,34.3600576,135.2411668,,,,,,,,,,,,耐震性能A
270008,,大阪府,,大阪府豊能警察署,,,,豊能郡能勢町地黄650番地の4,,34.9565217,135.46009,,,,,,,,,,,,耐震性能A
270008,,大阪府,,大阪府関西空港警察署,,,,泉南郡田尻町泉州空港中1番地,,34.4335543,135.2378075,,,,,,,,,,,,耐震性能A
270008,,大阪府,,大阪府黒山警察署,,,,堺市美原区小平尾377番地の2,,34.5372257,135.5626633,,,,,,,,,,,,耐震性能A
270008,,大阪府,,大阪府警察本部芦原別館,,,,大阪市浪速区久保吉2丁目2番3号,,34.6609885,135.4842232,,,,,,,,,,,,耐震性能A
270008,,大阪府,,大阪府城東警察署,,,,大阪市城東区中央1丁目9番41号,,34.70049,135.544145,,,,,,,,,,,,耐震性能A
270008,,大阪府,,大阪府交野警察署,,,,交野市倉治1-40-1,,34.793665,135.692053,,,,,,,,,,,,耐震性能A
270008,,大阪府,,大阪府福島警察署,,,,大阪市福島区吉野3丁目17番19号,,34.691755,135.473007,,,,,,,,,,,,耐震性能A
270008,,大阪府,,大阪府警察本部河内別館,,,,東大阪市稲葉1丁目7番7号,,34.670355,135.614245,,,,,,,,,,,,耐震性能A
270008,,大阪府,,大阪府和泉警察署,,,,和泉市伯太町2丁目1番3号,,34.491776,135.430794,,,,,,,,,,,,耐震性能A
270008,,大阪府,,大阪府豊中警察署,,,,豊中市南桜塚３丁目４番１１号,,34.777845,135.473043,,,,,,,,,,,,耐震性能A
270008,,大阪府,,大阪府警察学校,,,,泉南郡田尻町りんくうポート南１－１,,34.395687,135.284774,,,,,,,,,,,,耐震性能A
270008,,大阪府,,大阪府天満警察署,,,,大阪市北区西天満1丁目12番12号,,34.695032,135.505562,,,,,,,,,,,,耐震性能A
270008,,大阪府,,大阪府警察　大手前立体駐車場,,,,大阪市中央区大手前3-3-3,,34.684697,135.518647,,,,,,,,,,,,耐震性能A
270008,,大阪府,,大阪府南警察署　第二別館,,,,大阪市中央区島之内1丁目13－22,,34.672455,135.507326,,,,,,,,,,,,耐震性能A
270008,,大阪府,,大阪府警察第二方面機動警ら隊,,,,大阪市淀川区十三本町3丁目7番27号,,34.722874,135.481653,,,,,,,,,,,,耐震性能A
270008,,大阪府,,北野高等学校,,,,大阪市淀川区新北野２丁目５番１３号,,34.7154151,135.4779031,,,,,,,,,,,,耐震性能A
270008,,大阪府,,東淀川高等学校,,,,大阪市淀川区宮原４丁目４番５号,,34.7363402,135.4971313,,,,,,,,,,,,耐震性能A
270008,,大阪府,,北淀高等学校（淀川清流高等学校）,,,,大阪市東淀川区豊里２丁目１１番３５号,,34.7392674,135.5369139,,,,,,,,,,,,耐震性能A
270008,,大阪府,,柴島高等学校,,,,大阪市東淀川区柴島１丁目７番１０６号,,34.7297009,135.5102634,,,,,,,,,,,,耐震性能A
270008,,大阪府,,大手前高等学校,,,,大阪市中央区大手前２丁目１番１１号,,34.6872515,135.5192435,,,,,,,,,,,,耐震性能A
270008,,大阪府,,旭高等学校,,,,大阪市旭区高殿５丁目６番４１号,,34.7182374,135.5421817,,,,,,,,,,,,耐震性能A
270008,,大阪府,,茨田高等学校,,,,大阪市鶴見区安田１丁目５番４９号,,34.7037117,135.5873555,,,,,,,,,,,,耐震性能A
270008,,大阪府,,清水谷高等学校,,,,大阪市天王寺区清水谷町２番４４号,,34.674815,135.5248136,,,,,,,,,,,,耐震性能A
270008,,大阪府,,高津高等学校,,,,大阪市天王寺区餌差町１０番４７号,,34.6698527,135.5248439,,,,,,,,,,,,耐震性能A
270008,,大阪府,,夕陽丘高等学校,,,,大阪市天王寺区北山町１０番１０号,,34.6588354,135.5222905,,,,,,,,,,,,耐震性能A
270008,,大阪府,,港高等学校,,,,大阪市港区波除２丁目３番１号,,34.6712557,135.4657173,,,,,,,,,,,,耐震性能A
270008,,大阪府,,市岡高等学校,,,,大阪市港区市岡元町２丁目１２番１２号,,34.6675011,135.4666185,,,,,,,,,,,,耐震性能A
270008,,大阪府,,泉尾高等学校（大正白稜高等学校）,,,,大阪市大正区泉尾３丁目１９番５０号,,34.6589236,135.4704595,,,,,,,,,,,,耐震性能A
270008,,大阪府,,大正高等学校,,,,大阪市大正区泉尾７丁目１１番２０号,,34.6572828,135.4659278,,,,,,,,,,,,耐震性能A
270008,,大阪府,,今宮高等学校,,,,大阪市浪速区戎本町２丁目７番３９号,,34.6525649,135.4986441,,,,,,,,,,,,耐震性能A
270008,,大阪府,,勝山高等学校,,,,大阪市生野区巽東３丁目１０番７５号,,34.6505262,135.5595624,,,,,,,,,,,,耐震性能A
270008,,大阪府,,西成高等学校,,,,大阪市西成区津守１丁目１３番１０号,,34.6471943,135.4818749,,,,,,,,,,,,耐震性能A
270008,,大阪府,,天王寺高等学校,,,,大阪市阿倍野区三明町２丁目４番２３号,,34.6399697,135.5209816,,,,,,,,,,,,耐震性能A
270008,,大阪府,,阿倍野高等学校,,,,大阪市阿倍野区阪南町１丁目３０番３４号,,34.6354325,135.514909,,,,,,,,,,,,耐震性能A
270008,,大阪府,,住吉高等学校,,,,大阪市阿倍野区北畠２丁目４番１号,,34.6276418,135.5036974,,,,,,,,,,,,耐震性能A
270008,,大阪府,,東住吉高等学校,,,,大阪市平野区平野西２丁目３番７７号,,34.6176078,135.541656,,,,,,,,,,,,耐震性能A
270008,,大阪府,,長吉高等学校,,,,大阪市平野区長吉長原西３丁目１１番３３号,,34.5995324,135.5661982,,,,,,,,,,,,耐震性能A
270008,,大阪府,,平野高等学校,,,,大阪市平野区長吉川辺４丁目２番１１号,,34.588992,135.5702315,,,,,,,,,,,,耐震性能A
270008,,大阪府,,阪南高等学校,,,,大阪市住吉区庭井２丁目１８番８１号,,34.5950765,135.5169904,,,,,,,,,,,,耐震性能A
270008,,大阪府,,教育センター附属高等学校,,,,大阪市住吉区苅田４丁目１番７２号,,34.6015323,135.5214053,,,,,,,,,,,,耐震性能A
270008,,大阪府,,池田高等学校,,,,池田市旭丘２丁目２番１号,,34.8200166,135.448481,,,,,,,,,,,,耐震性能A
270008,,大阪府,,渋谷高等学校,,,,池田市畑４丁目１番１号,,34.8276359,135.4482293,,,,,,,,,,,,耐震性能A
270008,,大阪府,,豊中高等学校,,,,豊中市上野西２丁目５番１２号,,34.7952065,135.4702342,,,,,,,,,,,,耐震性能A
270008,,大阪府,,桜塚高等学校,,,,豊中市中桜塚４丁目１番１号,,34.7822717,135.4719937,,,,,,,,,,,,耐震性能A
270008,,大阪府,,千里青雲高等学校,,,,豊中市新千里南町１丁目５番１号,,34.8045451,135.4877114,,,,,,,,,,,,耐震性能A
270008,,大阪府,,豊島高等学校,,,,豊中市北緑丘３丁目２番１号,,34.8168862,135.4870141,,,,,,,,,,,,耐震性能A
270008,,大阪府,,刀根山高等学校,,,,豊中市刀根山６丁目９番１号,,34.7979817,135.4531324,,,,,,,,,,,,耐震性能A
270008,,大阪府,,能勢高等学校（豊中高等学校能勢分校）,,,,豊能郡能勢町上田尻５８０番地,,34.971619,135.4479718,,,,,,,,,,,,耐震性能A
270008,,大阪府,,箕面高等学校,,,,箕面市牧落４丁目８番６６号,,34.8211449,135.4742521,,,,,,,,,,,,耐震性能A
270008,,大阪府,,箕面東高等学校,,,,箕面市粟生外院５丁目４番６３号,,34.8437776,135.5061543,,,,,,,,,,,,耐震性能A
270008,,大阪府,,春日丘高等学校,,,,茨木市春日２丁目１番２号,,34.8176129,135.5604744,,,,,,,,,,,,耐震性能A
270008,,大阪府,,茨木高等学校,,,,茨木市新庄町１２番１号,,34.8138342,135.5710101,,,,,,,,,,,,耐震性能A
270008,,大阪府,,茨木西高等学校,,,,茨木市紫明園１０番６８号,,34.8120273,135.5500148,,,,,,,,,,,,耐震性能A
270008,,大阪府,,北摂つばさ高等学校,,,,茨木市玉島台２番１５号,,34.8008846,135.5844802,,,,,,,,,,,,耐震性能A
270008,,大阪府,,福井高等学校,,,,茨木市西福井３丁目３３番１１号,,34.8455695,135.5510169,,,,,,,,,,,,耐震性能A
270008,,大阪府,,吹田高等学校,,,,吹田市原町４丁目２４番１４号,,34.7777895,135.5283087,,,,,,,,,,,,耐震性能A
270008,,大阪府,,千里高等学校,,,,吹田市高野台２丁目１７番１号,,34.7991271,135.5151343,,,,,,,,,,,,耐震性能A
270008,,大阪府,,吹田東高等学校,,,,吹田市青葉丘南１６番１号,,34.8038932,135.54672,,,,,,,,,,,,耐震性能A
270008,,大阪府,,北千里高等学校,,,,吹田市藤白台５丁目６番１号,,34.828477,135.5064332,,,,,,,,,,,,耐震性能A
270008,,大阪府,,山田高等学校,,,,吹田市山田東３丁目２８番１号,,34.8019699,135.5287531,,,,,,,,,,,,耐震性能A
270008,,大阪府,,三島高等学校,,,,高槻市今城町２７番１号,,34.8468638,135.5974621,,,,,,,,,,,,耐震性能A
270008,,大阪府,,高槻北高等学校,,,,高槻市別所本町３６番３号,,34.8651013,135.6254214,,,,,,,,,,,,耐震性能A
270008,,大阪府,,芥川高等学校,,,,高槻市浦堂１丁目１２番１号,,34.8624149,135.6008064,,,,,,,,,,,,耐震性能A
270008,,大阪府,,阿武野高等学校,,,,高槻市氷室町３丁目３８番１号,,34.8484663,135.5864221,,,,,,,,,,,,耐震性能A
270008,,大阪府,,大冠高等学校,,,,高槻市大塚町４丁目５０番１号,,34.8197227,135.6296042,,,,,,,,,,,,耐震性能A
270008,,大阪府,,摂津高等学校,,,,摂津市学園町１丁目５番１号,,34.78677,135.560351,,,,,,,,,,,,耐震性能A
270008,,大阪府,,島本高等学校,,,,三島郡島本町桜井台１５番１号,,34.8808747,135.6564814,,,,,,,,,,,,耐震性能A
270008,,大阪府,,四條畷高等学校,,,,四條畷市雁屋北町１番１号,,34.7353748,135.6357265,,,,,,,,,,,,耐震性能A
270008,,大阪府,,寝屋川高等学校,,,,寝屋川市本町１５番６４号,,34.7647783,135.6261617,,,,,,,,,,,,耐震性能A
270008,,大阪府,,北かわち皐が丘高等学校,,,,寝屋川市寝屋北町１番１号,,34.7736309,135.6552056,,,,,,,,,,,,耐震性能A
270008,,大阪府,,西寝屋川高等学校,,,,寝屋川市葛原２丁目１９番１号,,34.7710314,135.6022739,,,,,,,,,,,,耐震性能A
270008,,大阪府,,枚方高等学校,,,,枚方市大垣内町３丁目１６番１号,,34.8098218,135.6547058,,,,,,,,,,,,耐震性能A
270008,,大阪府,,長尾高等学校,,,,枚方市長尾家具町５丁目１番１号,,34.8376093,135.7027227,,,,,,,,,,,,耐震性能A
270008,,大阪府,,牧野高等学校,,,,枚方市南船橋１丁目１１番１号,,34.8468726,135.6793016,,,,,,,,,,,,耐震性能A
270008,,大阪府,,香里丘高等学校,,,,枚方市東中振２丁目１８番１号,,34.795481,135.640251,,,,,,,,,,,,耐震性能A
270008,,大阪府,,枚方なぎさ高等学校,,,,枚方市磯島元町２０番１号,,34.824298,135.6478179,,,,,,,,,,,,耐震性能A
270008,,大阪府,,枚方津田高等学校,,,,枚方市津田北町２丁目５０番１号,,34.8124424,135.7034469,,,,,,,,,,,,耐震性能A
270008,,大阪府,,守口東高等学校,,,,守口市八雲中町２丁目１番３２号,,34.7450948,135.5679309,,,,,,,,,,,,耐震性能A
270008,,大阪府,,門真西高等学校,,,,門真市柳田町２９番１号,,34.7289603,135.5910945,,,,,,,,,,,,耐震性能A
270008,,大阪府,,緑風冠高等学校,,,,大東市深野４丁目１２番１号,,34.7176422,135.6300402,,,,,,,,,,,,耐震性能A
270008,,大阪府,,野崎高等学校,,,,大東市寺川１丁目２番１号,,34.7090743,135.6408924,,,,,,,,,,,,耐震性能A
270008,,大阪府,,交野高等学校,,,,交野市寺南野１０番１号,,34.7810953,135.688802,,,,,,,,,,,,耐震性能A
270008,,大阪府,,布施高等学校,,,,東大阪市下小阪３丁目１４番２１号,,34.6617873,135.5878007,,,,,,,,,,,,耐震性能A
270008,,大阪府,,花園高等学校,,,,東大阪市花園東町３丁目１番２５号,,34.6583147,135.6234688,,,,,,,,,,,,耐震性能A
270008,,大阪府,,みどり清朋高等学校,,,,東大阪市池島町６丁目３番９号,,34.6457954,135.6267411,,,,,,,,,,,,耐震性能A
270008,,大阪府,,かわち野高等学校,,,,東大阪市新庄４丁目１１番９５号,,34.6898584,135.6109428,,,,,,,,,,,,耐震性能A
270008,,大阪府,,布施北高等学校,,,,東大阪市荒本西１丁目２番７２号,,34.6722307,135.6009543,,,,,,,,,,,,耐震性能A
270008,,大阪府,,山本高等学校,,,,八尾市山本町北１丁目１番４４号,,34.6344968,135.6185067,,,,,,,,,,,,耐震性能A
270008,,大阪府,,八尾高等学校,,,,八尾市高町１番７４号,,34.623744,135.5951446,,,,,,,,,,,,耐震性能A
270008,,大阪府,,八尾北高等学校,,,,八尾市萱振町７丁目４２番,,34.6428429,135.6041676,,,,,,,,,,,,耐震性能A
270008,,大阪府,,生野高等学校,,,,松原市新堂１丁目５５２番地,,34.5721576,135.5536529,,,,,,,,,,,,耐震性能A
270008,,大阪府,,松原高等学校,,,,松原市三宅東３丁目４番１号,,34.5909387,135.5619818,,,,,,,,,,,,耐震性能A
270008,,大阪府,,大塚高等学校,,,,松原市西大塚２丁目１００５番地,,34.5694293,135.5665791,,,,,,,,,,,,耐震性能A
270008,,大阪府,,柏原東高等学校,,,,柏原市大字高井田１０１５番地,,34.5750921,135.6468469,,,,,,,,,,,,耐震性能A
270008,,大阪府,,河南高等学校,,,,富田林市錦ヶ丘町１番１５号,,34.4992977,135.59147,,,,,,,,,,,,耐震性能A
270008,,大阪府,,富田林高等学校,,,,富田林市谷川町４番３０号,,34.4978564,135.5986476,,,,,,,,,,,,耐震性能A
270008,,大阪府,,金剛高等学校,,,,富田林市藤沢台２丁目１番１号,,34.5039971,135.5739123,,,,,,,,,,,,耐震性能A
270008,,大阪府,,懐風館高等学校,,,,羽曳野市大黒７７６番地,,34.5394764,135.6222912,,,,,,,,,,,,耐震性能A
270008,,大阪府,,長野高等学校,,,,河内長野市原町２丁目１番１号,,34.459769,135.5636072,,,,,,,,,,,,耐震性能A
270008,,大阪府,,長野北高等学校,,,,河内長野市木戸東町３番１号,,34.4737995,135.5721385,,,,,,,,,,,,耐震性能A
270008,,大阪府,,藤井寺高等学校,,,,藤井寺市津堂３丁目５１６番地,,34.5831927,135.5832389,,,,,,,,,,,,耐震性能A
270008,,大阪府,,美原高等学校,,,,堺市美原区平尾２３４番１号,,34.535869,135.5659997,,,,,,,,,,,,耐震性能A
270008,,大阪府,,狭山高等学校,,,,大阪狭山市半田４丁目１５１０番,,34.4953452,135.550282,,,,,,,,,,,,耐震性能A
270008,,大阪府,,登美丘高等学校,,,,堺市東区西野５１番地,,34.5192077,135.5400326,,,,,,,,,,,,耐震性能A
270008,,大阪府,,泉陽高等学校,,,,堺市堺区車之町東３丁２番１号,,34.5802068,135.4799706,,,,,,,,,,,,耐震性能A
270008,,大阪府,,三国丘高等学校,,,,堺市堺区南三国ヶ丘町２丁２番３６号,,34.5732723,135.4877812,,,,,,,,,,,,耐震性能A
270008,,大阪府,,鳳高等学校,,,,堺市西区原田１５０番地,,34.5174085,135.4591727,,,,,,,,,,,,耐震性能A
270008,,大阪府,,泉北高等学校,,,,堺市南区若松台３丁２番２号,,34.4904075,135.5013949,,,,,,,,,,,,耐震性能A
270008,,大阪府,,堺東高等学校,,,,堺市南区晴美台１丁１番２号,,34.4994038,135.534339,,,,,,,,,,,,耐震性能A
270008,,大阪府,,金岡高等学校,,,,堺市北区金岡町２６５１番地,,34.5538481,135.5272043,,,,,,,,,,,,耐震性能A
270008,,大阪府,,東百舌鳥高等学校,,,,堺市中区土塔町２３７７番５号,,34.5353784,135.5126506,,,,,,,,,,,,耐震性能A
270008,,大阪府,,堺西高等学校,,,,堺市南区桃山台４丁１６番,,34.4953629,135.4845196,,,,,,,,,,,,耐震性能A
270008,,大阪府,,福泉高等学校,,,,堺市西区太平寺３２３番地,,34.5048016,135.4805446,,,,,,,,,,,,耐震性能A
270008,,大阪府,,堺上高等学校,,,,堺市西区上６１番地,,34.5240162,135.4688233,,,,,,,,,,,,耐震性能A
270008,,大阪府,,泉大津高等学校,,,,泉大津市北豊中町１丁目１番１号,,34.4980686,135.422523,,,,,,,,,,,,耐震性能A
270008,,大阪府,,伯太高等学校,,,,和泉市伯太町２丁目４番１１号,,34.4909283,135.4329193,,,,,,,,,,,,耐震性能A
270008,,大阪府,,信太高等学校,,,,和泉市葛の葉町３８７番２号,,34.512701,135.4332411,,,,,,,,,,,,耐震性能A
270008,,大阪府,,高石高等学校,,,,高石市千代田６丁目１２番１号,,34.5195225,135.4218765,,,,,,,,,,,,耐震性能A
270008,,大阪府,,和泉高等学校,,,,岸和田市土生町１丁目２番１号,,34.4532757,135.3821933,,,,,,,,,,,,耐震性能A
270008,,大阪府,,岸和田高等学校,,,,岸和田市岸城町１０番１号　,,34.4580882,135.3720921,,,,,,,,,,,,耐震性能A
270008,,大阪府,,久米田高等学校,,,,岸和田市額原町１１００番地,,34.4619982,135.3976268,,,,,,,,,,,,耐震性能A
270008,,大阪府,,佐野高等学校,,,,泉佐野市市場東２丁目３９８,,34.4061086,135.3238982,,,,,,,,,,,,耐震性能A
270008,,大阪府,,日根野高等学校,,,,泉佐野市日根野２３７２番１号,,34.3910723,135.338763,,,,,,,,,,,,耐震性能A
270008,,大阪府,,貝塚高等学校,,,,貝塚市畠中１丁目１番１号,,34.4398362,135.358724,,,,,,,,,,,,耐震性能A
270008,,大阪府,,貝塚南高等学校,,,,貝塚市橋本６２０番地,,34.4219359,135.3675387,,,,,,,,,,,,耐震性能A
270008,,大阪府,,りんくう翔南高等学校,,,,泉南市樽井２丁目３５番５４号,,34.3674701,135.2652168,,,,,,,,,,,,耐震性能A
270008,,大阪府,,泉鳥取高等学校,,,,阪南市緑ヶ丘１丁目１番１０号,,34.3393824,135.2589493,,,,,,,,,,,,耐震性能A
270008,,大阪府,,岬高等学校,,,,泉南郡岬町淡輪３２４６,,34.3229483,135.1705348,,,,,,,,,,,,耐震性能A
270008,,大阪府,,園芸高等学校,,,,池田市八王寺２丁目５番１号,,34.8097777,135.433622,,,,,,,,,,,,耐震性能A
270008,,大阪府,,農芸高等学校,,,,堺市美原区北余部５９５番地１,,34.5375283,135.5516893,,,,,,,,,,,,耐震性能A
270008,,大阪府,,西野田工科高等学校,,,,大阪市福島区大開２丁目１７番６２号,,34.693537,135.4696816,,,,,,,,,,,,耐震性能A
270008,,大阪府,,淀川工科高等学校,,,,大阪市旭区太子橋３丁目１番３２号,,34.7366885,135.5602223,,,,,,,,,,,,耐震性能A
270008,,大阪府,,今宮工科高等学校,,,,大阪市西成区出城１丁目１番６号,,34.650001,135.4965359,,,,,,,,,,,,耐震性能A
270008,,大阪府,,成城高等学校,,,,大阪市城東区諏訪３丁目１１番４１号,,34.6820067,135.561381,,,,,,,,,,,,耐震性能A
270008,,大阪府,,東住吉総合高等学校,,,,大阪市平野区喜連西２丁目１１番６６号,,34.6137802,135.544644,,,,,,,,,,,,耐震性能A
270008,,大阪府,,茨木工科高等学校,,,,茨木市春日５丁目６番４１号,,34.8252514,135.5637937,,,,,,,,,,,,耐震性能A
270008,,大阪府,,城東工科高等学校,,,,東大阪市西鴻池町２丁目５番３３号,,34.6986135,135.5942971,,,,,,,,,,,,耐震性能A
270008,,大阪府,,布施工科高等学校,,,,東大阪市宝持３丁目７番５号,,34.6544183,135.5919474,,,,,,,,,,,,耐震性能A
270008,,大阪府,,藤井寺工科高等学校,,,,藤井寺市御舟町１０番１号,,34.5728774,135.6014261,,,,,,,,,,,,耐震性能A
270008,,大阪府,,堺工科高等学校,,,,堺市堺区大仙中町１２番１号,,34.5624542,135.476709,,,,,,,,,,,,耐震性能A
270008,,大阪府,,和泉総合高等学校,,,,和泉市富秋町１丁目１４番４号,,34.5039603,135.4321844,,,,,,,,,,,,耐震性能A
270008,,大阪府,,佐野工科高等学校,,,,泉佐野市高松東１丁目３番５０号,,34.4066131,135.3167903,,,,,,,,,,,,耐震性能A
270008,,大阪府,,門真なみはや高等学校,,,,門真市島頭４丁目９番１号,,34.7285458,135.6097627,,,,,,,,,,,,耐震性能A
270008,,大阪府,,枚岡樟風高等学校,,,,東大阪市鷹殿町１８番１号,,34.6688379,135.6363702,,,,,,,,,,,,耐震性能A
270008,,大阪府,,芦間高等学校,,,,守口市外島町１番４３号,,34.7411276,135.5633551,,,,,,,,,,,,耐震性能A
270008,,大阪府,,八尾翠翔高等学校,,,,八尾市神宮寺３丁目１０７番地,,34.6006756,135.6279266,,,,,,,,,,,,耐震性能A
270008,,大阪府,,港南造形高等学校,,,,大阪市住之江区南港東２丁目５番７２号,,34.6130164,135.4417652,,,,,,,,,,,,耐震性能A
270008,,大阪府,,槻の木高等学校,,,,高槻市城内町２番１３号,,34.8429561,135.6209408,,,,,,,,,,,,耐震性能A
270008,,大阪府,,成美高等学校,,,,堺市南区城山台４丁１番１号,,34.463073,135.4872662,,,,,,,,,,,,耐震性能A
270008,,大阪府,,桃谷高等学校,,,,大阪市生野区勝山南３丁目１番４号,,34.6535093,135.533194,,,,,,,,,,,,耐震性能A
270008,,大阪府,,大阪南視覚支援学校,,,,大阪市住吉区山之内１丁目１０番１２号,,34.6006736,135.5028785,,,,,,,,,,,,耐震性能A
270008,,大阪府,,生野聴覚支援学校,,,,大阪市生野区桃谷１丁目２番１号,,34.6616304,135.5300413,,,,,,,,,,,,耐震性能A
270008,,大阪府,,堺聴覚支援学校,,,,堺市北区百舌鳥陵南町１丁,,34.5481044,135.4886609,,,,,,,,,,,,耐震性能A
270008,,大阪府,,堺支援学校,,,,堺市堺区東上野芝町１丁７１,,34.5550057,135.4837632,,,,,,,,,,,,耐震性能A
270008,,大阪府,,茨木支援学校,,,,茨木市西福井４丁目５番５号,,34.849079,135.5490168,,,,,,,,,,,,耐震性能A
270008,,大阪府,,東大阪支援学校,,,,東大阪市中石切町３丁目１１番２７号,,34.6858548,135.638581,,,,,,,,,,,,耐震性能A
270008,,大阪府,,岸和田支援学校,,,,岸和田市土生町５丁目９番１号,,34.4456113,135.3827618,,,,,,,,,,,,耐震性能A
270008,,大阪府,,藤井寺支援学校,,,,藤井寺市川北２丁目５番２３号,,34.5865622,135.612579,,,,,,,,,,,,耐震性能A
270008,,大阪府,,交野支援学校,,,,交野市寺４丁目８３１番,,34.7844307,135.6946158,,,,,,,,,,,,耐震性能A
270008,,大阪府,,箕面支援学校,,,,箕面市船場東３丁目１５番１号,,34.8246864,135.4965525,,,,,,,,,,,,耐震性能A
270008,,大阪府,,中津支援学校,,,,大阪市北区中津２丁目２番２２号,,34.7134311,135.4969221,,,,,,,,,,,,耐震性能A
270008,,大阪府,,高槻支援学校,,,,高槻市富田町１丁目３３番１７号,,34.8340874,135.5884329,,,,,,,,,,,,耐震性能A
270008,,大阪府,,八尾支援学校,,,,八尾市上之島町南７丁目６,,34.6352326,135.6279582,,,,,,,,,,,,耐震性能A
270008,,大阪府,,富田林支援学校,,,,富田林市大字甘南備２１６番地,,34.4534128,135.5966842,,,,,,,,,,,,耐震性能A
270008,,大阪府,,佐野支援学校,,,,泉佐野市日根野３７５番地,,34.3822981,135.3465468,,,,,,,,,,,,耐震性能A
270008,,大阪府,,豊中支援学校,,,,豊中市北緑丘２丁目７番１号,,34.8184144,135.4806411,,,,,,,,,,,,耐震性能A
270008,,大阪府,,寝屋川支援学校,,,,寝屋川市寝屋川公園２１００番地,,34.7631257,135.6546575,,,,,,,,,,,,耐震性能A
270008,,大阪府,,和泉支援学校,,,,和泉市池上町２丁目４番６号,,34.4966362,135.4283166,,,,,,,,,,,,耐震性能A
270008,,大阪府,,守口支援学校,,,,守口市南寺方東通５丁目２番２号,,34.7209277,135.5791583,,,,,,,,,,,,耐震性能A
270008,,大阪府,,吹田支援学校,,,,吹田市芳野町１３番１２０号,,34.7561668,135.4884893,,,,,,,,,,,,耐震性能A
270008,,大阪府,,泉北高等支援学校,,,,堺市南区原山台２丁６番地,,34.4826731,135.4893959,,,,,,,,,,,,耐震性能A
270008,,大阪府,,刀根山支援学校,,,,豊中市刀根山５丁目１番１号,,34.7941272,135.4541141,,,,,,,,,,,,耐震性能A
270008,,大阪府,,羽曳野支援学校,,,,羽曳野市はびきの３丁目７番１号,,34.547963,135.5891311,,,,,,,,,,,,耐震性能A
270008,,大阪府,,だいせん聴覚高等支援学校,,,,堺市堺区大仙町１番１号,,34.5655288,135.4828084,,,,,,,,,,,,耐震性能A
270008,,大阪府,,たまがわ高等支援学校,,,,東大阪市稲葉２丁目３番２５号,,34.6701645,135.6182414,,,,,,,,,,,,耐震性能A
270008,,大阪府,,交野支援学校四條畷校,,,,四條畷市大字砂５１０番地,,34.7478233,135.6342191,,,,,,,,,,,,耐震性能A
270008,,大阪府,,摂津支援学校・とりかい高等支援学校,,,,摂津市鳥飼上１丁目１番１５号,,34.7854042,135.6000316,,,,,,,,,,,,耐震性能A
270008,,大阪府,,泉南支援学校　すながわ高等支援学校,,,,泉南市信達牧野４０－１,,34.356457,135.280752,,,,,,,,,,,,耐震性能A
270008,,大阪府,,枚方支援学校　むらの高等支援学校,,,,枚方市村野西町60番1号,,34.799669,135.664646,,,,,,,,,,,,耐震性能A
270008,,大阪府,,西浦支援学校,,,,羽曳野市西浦2丁目1797,,34.54453,135.605573,,,,,,,,,,,,耐震性能A
270008,,大阪府,,大阪北視覚支援学校,,,,大阪市東淀川区豊里７丁目５番２６号,,34.742911,135.5421,,,,,,,,,,,,耐震性能A
270008,,大阪府,,中央聴覚支援学校,,,,大阪市中央区上町１丁目１９番３１号,,34.677245,135.522117,,,,,,,,,,,,耐震性能A
270008,,大阪府,,思斉支援学校,,,,大阪市旭区大宮５丁目１１番７号,,34.73051,135.548491,,,,,,,,,,,,耐震性能A
270008,,大阪府,,難波支援学校・なにわ高等支援学校,,,,大阪市浪速区木津川２丁目３番３０号,,34.659044,135.48359,,,,,,,,,,,,耐震性能A
270008,,大阪府,,生野支援学校,,,,大阪市生野区巽東４丁目２番４７号,,34.648465,135.559355,,,,,,,,,,,,耐震性能A
270008,,大阪府,,住之江支援学校,,,,大阪市住之江区緑木１丁目４番１６７号,,34.619949,135.474445,,,,,,,,,,,,耐震性能A
270008,,大阪府,,東淀川支援学校,,,,大阪市東淀川区東中島３丁目５番２２号,,34.731075,135.504853,,,,,,,,,,,,耐震性能A
270008,,大阪府,,光陽支援学校,,,,大阪市旭区新森６丁目８番２１号,,34.717872,135.563813,,,,,,,,,,,,耐震性能A
270008,,大阪府,,西淀川支援学校,,,,大阪市西淀川区大和田２丁目５番７７号,,34.703802,135.442345,,,,,,,,,,,,耐震性能A
270008,,大阪府,,平野支援学校,,,,大阪市平野区長吉川辺３丁目４番１１５号,,34.598727,135.577145,,,,,,,,,,,,耐震性能A
270008,,大阪府,,東住吉支援学校,,,,大阪市東住吉区矢田５丁目１番２２号,,34.601896,135.52804,,,,,,,,,,,,耐震性能A
270008,,大阪府,,大阪府営東三国２丁目住宅,,,,大阪市淀川区東三国２丁目,,34.744813,135.501369,,,,,,,,,,,,耐震性能A
270008,,大阪府,,大阪府営瓜破西住宅,,,,大阪市平野区瓜破西１丁目,,34.6057402,135.5472887,,,,,,,,,,,,耐震性能A
270008,,大阪府,,大阪府営浅香山住宅,,,,堺市北区東浅香山町３丁,,34.585242,135.5109197,,,,,,,,,,,,耐震性能A
270008,,大阪府,,大阪府営八田荘住宅,,,,堺市中区宮園町,,34.52749,135.4932261,,,,,,,,,,,,耐震性能C
270008,,大阪府,,大阪府営金岡東第３住宅,,,,堺市北区新金岡町３丁,,34.5740762,135.5195332,,,,,,,,,,,,耐震性能A
270008,,大阪府,,大阪府営金岡東第５住宅,,,,堺市北区新金岡町４丁,,34.5679451,135.5204129,,,,,,,,,,,,耐震性能B
270008,,大阪府,,大阪府営金岡東第６住宅,,,,堺市北区新金岡町３丁,,34.5709135,135.519619,,,,,,,,,,,,耐震性能A
270008,,大阪府,,大阪府営八田西町住宅,,,,堺市中区八田西町２丁,,34.5219124,135.4809898,,,,,,,,,,,,耐震性能A
270008,,大阪府,,大阪府営深井沢町住宅,,,,堺市中区深井沢町,,34.5286478,135.5040494,,,,,,,,,,,,耐震性能A
270008,,大阪府,,大阪府営堺高松住宅,,,,堺市東区高松,,34.5308488,135.5372572,,,,,,,,,,,,耐震性能A
270008,,大阪府,,大阪府営堺戎島住宅,,,,堺市堺区戎島町１丁,,34.5836164,135.472337,,,,,,,,,,,,耐震性能A
270008,,大阪府,,大阪府営百舌鳥梅町住宅,,,,堺市北区百舌鳥梅町３丁,,34.5479374,135.5020437,,,,,,,,,,,,耐震性能A
270008,,大阪府,,大阪府営金岡南住宅,,,,堺市北区金岡町,,34.5623172,135.5197692,,,,,,,,,,,,耐震性能A
270008,,大阪府,,大阪府営深井中町住宅,,,,堺市中区深井中町,,34.5381801,135.4947778,,,,,,,,,,,,耐震性能A
270008,,大阪府,,大阪府営堺草部住宅,,,,堺市西区草部,,34.519119,135.4741716,,,,,,,,,,,,耐震性能A
270008,,大阪府,,大阪府営堺白鷺東住宅,,,,堺市北区金岡町,,34.5500971,135.5166578,,,,,,,,,,,,耐震性能A
270008,,大阪府,,大阪府営堺浜寺住宅,,,,堺市西区浜寺船尾町西４丁,,34.5452255,135.4533618,,,,,,,,,,,,耐震性能A
270008,,大阪府,,大阪府営堺福田住宅,,,,堺市中区福田,,34.5234063,135.5241573,,,,,,,,,,,,耐震性能A
270008,,大阪府,,大阪府営堺大美野住宅,,,,堺市東区大美野,,34.5321587,135.5260973,,,,,,,,,,,,耐震性能A
270008,,大阪府,,大阪府営堺東陶器住宅,,,,堺市中区福田,,34.5200602,135.5273004,,,,,,,,,,,,耐震性能A
270008,,大阪府,,大阪府営堺寺地住宅,,,,堺市堺区寺地町西２丁,,34.5748725,135.4679851,,,,,,,,,,,,耐震性能A
270008,,大阪府,,大阪府営堺南長尾住宅,,,,堺市北区南長尾町３丁・４丁,,34.572592,135.499942,,,,,,,,,,,,耐震性能A
270008,,大阪府,,大阪府営堺大浜南町住宅,,,,堺市堺区大浜南町２丁,,34.5742501,135.4603522,,,,,,,,,,,,耐震性能A
270008,,大阪府,,大阪府営堺新金岡２丁３番住宅,,,,堺市北区新金岡町２丁,,34.574209,135.512345,,,,,,,,,,,,耐震性能A
270008,,大阪府,,大阪府営堺新金岡２丁６番住宅,,,,堺市北区新金岡町２丁,,34.573785,135.515456,,,,,,,,,,,,耐震性能A
270008,,大阪府,,大阪府営堺新金岡３丁８番住宅,,,,堺市北区新金岡町３丁,,34.5742,135.521293,,,,,,,,,,,,耐震性能A
270008,,大阪府,,大阪府営堺新金岡４丁５番住宅,,,,堺市北区新金岡町４丁,,34.567371,135.519078,,,,,,,,,,,,耐震性能A
270008,,大阪府,,大阪府営堺宮園住宅,,,,堺市中区宮園町,,34.5270366,135.4901158,,,,,,,,,,,,耐震性能A
270008,,大阪府,,大阪府営宮山台第１住宅,,,,堺市南区宮山台１丁,,34.5047353,135.501895,,,,,,,,,,,,耐震性能A
270008,,大阪府,,大阪府営宮山台第２住宅,,,,堺市南区宮山台２丁,,34.5017027,135.5003071,,,,,,,,,,,,耐震性能C
270008,,大阪府,,大阪府営宮山台第４住宅,,,,堺市南区宮山台４丁,,34.5076087,135.4982686,,,,,,,,,,,,耐震性能C
270008,,大阪府,,大阪府営高倉台第１住宅,,,,堺市南区高倉台１丁,,34.4942753,135.518986,,,,,,,,,,,,耐震性能A
270008,,大阪府,,大阪府営高倉台第３住宅,,,,堺市南区高倉台３丁,,34.4969722,135.5252731,,,,,,,,,,,,耐震性能B
270008,,大阪府,,大阪府営高倉台第４住宅,,,,堺市南区高倉台４丁,,34.4983516,135.5283844,,,,,,,,,,,,耐震性能A
270008,,大阪府,,大阪府営高倉台センター住宅,,,,堺市南区高倉台３丁,,34.4954019,135.5250288,,,,,,,,,,,,耐震性能B
270008,,大阪府,,大阪府営竹城台第３住宅,,,,堺市南区竹城台３丁,,34.4951684,135.5057037,,,,,,,,,,,,耐震性能C
270008,,大阪府,,大阪府営竹城台第４住宅,,,,堺市南区竹城台４丁,,34.49844,135.5006719,,,,,,,,,,,,耐震性能C
270008,,大阪府,,大阪府営若松台第１住宅,,,,堺市南区若松台１丁,,34.4927543,135.5055642,,,,,,,,,,,,耐震性能A
270008,,大阪府,,大阪府営若松台第２住宅,,,,堺市南区若松台２丁,,34.4885186,135.509727,,,,,,,,,,,,耐震性能A
270008,,大阪府,,大阪府営三原台第１住宅,,,,堺市南区三原台１丁,,34.4989263,135.5189431,,,,,,,,,,,,耐震性能A
270008,,大阪府,,大阪府営晴美台第３住宅,,,,堺市南区晴美台３丁,,34.4919143,135.5314422,,,,,,,,,,,,耐震性能A
270008,,大阪府,,大阪府営晴美台第４住宅,,,,堺市南区晴美台４丁,,34.4931523,135.5330944,,,,,,,,,,,,耐震性能B
270008,,大阪府,,大阪府営槇塚台第１住宅,,,,堺市南区槇塚台１丁,,34.4842119,135.5243289,,,,,,,,,,,,耐震性能B
270008,,大阪府,,大阪府営桃山台１丁住宅,,,,堺市南区桃山台１丁,,34.4905879,135.488162,,,,,,,,,,,,耐震性能A
270008,,大阪府,,大阪府営桃山台２丁住宅,,,,堺市南区桃山台２丁,,34.4901103,135.4872072,,,,,,,,,,,,耐震性能A
270008,,大阪府,,大阪府営桃山台３丁住宅,,,,堺市南区桃山台３丁,,34.4913881,135.4851687,,,,,,,,,,,,耐震性能B
270008,,大阪府,,大阪府営原山台３丁住宅,,,,堺市南区原山台３丁,,34.4780742,135.4923248,,,,,,,,,,,,耐震性能C
270008,,大阪府,,大阪府営原山台５丁住宅,,,,堺市南区原山台５丁,,34.4804002,135.4973888,,,,,,,,,,,,耐震性能A
270008,,大阪府,,大阪府営原山台５丁第２住宅,,,,堺市南区原山台５丁,,34.4816917,135.4980896,,,,,,,,,,,,耐震性能A
270008,,大阪府,,大阪府営庭代台２丁住宅,,,,堺市南区庭代台２丁,,34.4738023,135.4958332,,,,,,,,,,,,耐震性能A
270008,,大阪府,,大阪府営赤坂台３丁住宅,,,,堺市南区赤坂台３丁,,34.485954,135.4729271,,,,,,,,,,,,耐震性能A
270008,,大阪府,,大阪府営城山台２丁住宅,,,,堺市南区城山台２丁,,34.4693622,135.4838383,,,,,,,,,,,,耐震性能A
270008,,大阪府,,大阪府営新檜尾台３丁住宅,,,,堺市南区新檜尾台３丁,,34.4763838,135.4738751,,,,,,,,,,,,耐震性能A
270008,,大阪府,,大阪府営御池台２丁住宅,,,,堺市南区御池台２丁,,34.4681592,135.5067015,,,,,,,,,,,,耐震性能A
270008,,大阪府,,大阪府営鴨谷台１丁住宅,,,,堺市南区鴨谷台１丁,,34.4755889,135.4844499,,,,,,,,,,,,耐震性能A
270008,,大阪府,,大阪府営桃山台３丁西住宅,,,,堺市南区桃山台３丁,,34.4917816,135.4831356,,,,,,,,,,,,耐震性能A
270008,,大阪府,,堺宮山台４丁,,,,堺市南区宮山台４丁,,34.507146,135.49733,,,,,,,,,,,,耐震性能A
270008,,大阪府,,堺竹城台４丁,,,,堺市南区竹城台４丁,,34.498741,135.499986,,,,,,,,,,,,耐震性能A
270008,,大阪府,,大阪府営堺若松台２丁住宅,,,,堺市南区若松台２丁,,34.488378,135.510264,,,,,,,,,,,,耐震性能A
270008,,大阪府,,大阪府営堺三原台住宅,,,,堺市南区三原台１丁,,34.497884,135.517804,,,,,,,,,,,,耐震性能A
270008,,大阪府,,大阪府営春木旭住宅,,,,岸和田市春木旭町,,34.4757481,135.3960818,,,,,,,,,,,,耐震性能A
270008,,大阪府,,大阪府営岸和田田治米住宅,,,,岸和田市田治米町,,34.4649218,135.4273295,,,,,,,,,,,,耐震性能A
270008,,大阪府,,大阪府営岸和田土生住宅,,,,岸和田市土生町５丁目,,34.4449017,135.3816032,,,,,,,,,,,,耐震性能A
270008,,大阪府,,大阪府営岸和田天神山住宅,,,,岸和田市天神山町１丁目,,34.4309653,135.3963554,,,,,,,,,,,,耐震性能A
270008,,大阪府,,大阪府営岸和田春木住宅,,,,岸和田市吉井町１丁目,,34.4807186,135.3954327,,,,,,,,,,,,耐震性能A
270008,,大阪府,,大阪府営岸和田額原住宅,,,,岸和田市額原町,,34.457845,135.4059041,,,,,,,,,,,,耐震性能A
270008,,大阪府,,大阪府営岸和田吉井住宅,,,,岸和田市吉井町３丁目・４丁目,,34.4824254,135.4007328,,,,,,,,,,,,耐震性能A
270008,,大阪府,,大阪府営岸和田荒木住宅,,,,岸和田市荒木町２丁目,,34.4753147,135.4019237,,,,,,,,,,,,耐震性能A
270008,,大阪府,,大阪府営岸和田並松住宅,,,,岸和田市並松町,,34.4667263,135.3775907,,,,,,,,,,,,耐震性能A
270008,,大阪府,,大阪府営岸和田磯上住宅,,,,岸和田市磯上町１丁目,,34.4866344,135.3916075,,,,,,,,,,,,耐震性能A
270008,,大阪府,,大阪府営岸和田額原第２住宅,,,,岸和田市額原町,,34.4565711,135.4029536,,,,,,,,,,,,耐震性能A
270008,,大阪府,,大阪府営岸和田大町住宅,,,,岸和田市大町,,34.4642141,135.4143369,,,,,,,,,,,,耐震性能A
270008,,大阪府,,大阪府営岸和田下池田住宅,,,,岸和田市下池田町３丁目,,34.4687926,135.4078783,,,,,,,,,,,,耐震性能A
270008,,大阪府,,大阪府営庄内西住宅,,,,豊中市庄内栄町５丁目,,34.7446981,135.467568,,,,,,,,,,,,耐震性能A
270008,,大阪府,,大阪府営庄内北住宅,,,,豊中市庄内幸町１丁目,,34.7524249,135.4691935,,,,,,,,,,,,耐震性能A
270008,,大阪府,,大阪府営新千里北住宅,,,,豊中市新千里北町２丁目・３丁目,,34.8182515,135.5010259,,,,,,,,,,,,耐震性能C
270008,,大阪府,,大阪府営新千里東住宅,,,,豊中市新千里東町３丁目,,34.8144125,135.5038355,,,,,,,,,,,,耐震性能B
270008,,大阪府,,大阪府営新千里南住宅,,,,豊中市新千里南町１丁目・２丁目,,34.8009067,135.4926896,,,,,,,,,,,,耐震性能C
270008,,大阪府,,大阪府営桜塚住宅,,,,豊中市中桜塚５丁目,,34.7818134,135.4752016,,,,,,,,,,,,耐震性能A
270008,,大阪府,,大阪府営庄内住宅,,,,豊中市三和町１丁目・３丁目,,34.7419696,135.4736996,,,,,,,,,,,,耐震性能A
270008,,大阪府,,大阪府営西緑丘住宅,,,,豊中市西緑丘１丁目,,34.8109141,135.4750836,,,,,,,,,,,,耐震性能A
270008,,大阪府,,大阪府営豊中豊南住宅,,,,豊中市豊南町南１丁目,,34.7462012,135.4794985,,,,,,,,,,,,耐震性能A
270008,,大阪府,,大阪府営豊中島江住宅,,,,豊中市島江町１丁目,,34.74245,135.4666722,,,,,,,,,,,,耐震性能A
270008,,大阪府,,大阪府営豊中春日住宅,,,,豊中市春日町４丁目,,34.812165,135.4694631,,,,,,,,,,,,耐震性能A
270008,,大阪府,,大阪府営豊中上津島住宅,,,,豊中市上津島１丁目,,34.7537603,135.4614151,,,,,,,,,,,,耐震性能A
270008,,大阪府,,大阪府営豊中服部本町住宅,,,,豊中市服部本町５丁目,,34.7684755,135.4774842,,,,,,,,,,,,耐震性能A
270008,,大阪府,,大阪府営豊中上新田住宅,,,,豊中市上新田４丁目,,34.7992063,135.5018628,,,,,,,,,,,,耐震性能A
270008,,大阪府,,大阪府営豊中新千里東住宅,,,,豊中市新千里東町３丁目,,34.814519,135.504049,,,,,,,,,,,,耐震性能A
270008,,大阪府,,大阪府営豊中新千里南住宅,,,,豊中市新千里南町１丁目・２丁目,,34.802354,135.491822,,,,,,,,,,,,耐震性能A
270008,,大阪府,,大阪府営池田神田住宅,,,,池田市神田１丁目,,34.8122616,135.4307884,,,,,,,,,,,,耐震性能A
270008,,大阪府,,大阪府営池田伏尾台住宅,,,,池田市伏尾台２丁目,,34.8644542,135.4401934,,,,,,,,,,,,耐震性能A
270008,,大阪府,,大阪府営池田城南住宅,,,,池田市城南３丁目,,34.816772,135.432962,,,,,,,,,,,,耐震性能A
270008,,大阪府,,大阪府営岸部第１住宅,,,,吹田市岸部北２丁目,,34.7782798,135.5319571,,,,,,,,,,,,耐震性能A
270008,,大阪府,,大阪府営吹田山田西住宅,,,,吹田市山田西２丁目,,34.792854,135.5271828,,,,,,,,,,,,耐震性能A
270008,,大阪府,,大阪府営吹田山田西第２住宅,,,,吹田市山田西２丁目,,34.7988011,135.5222905,,,,,,,,,,,,耐震性能A
270008,,大阪府,,大阪府営吹田岸部住宅,,,,吹田市岸部北４丁目,,34.7836155,135.5327564,,,,,,,,,,,,耐震性能A
270008,,大阪府,,大阪府営吹田川園住宅,,,,吹田市川園町,,34.7625219,135.5379975,,,,,,,,,,,,耐震性能A
270008,,大阪府,,大阪府営千里佐竹台住宅,,,,吹田市佐竹台２丁目・５丁目,,34.7906513,135.5171299,,,,,,,,,,,,耐震性能B
270008,,大阪府,,大阪府営千里高野台住宅,,,,吹田市高野台１丁目・４丁目,,34.7957703,135.5127847,,,,,,,,,,,,耐震性能C
270008,,大阪府,,大阪府営千里藤白台住宅,,,,吹田市藤白台１丁目・３丁目,,34.8157764,135.5153275,,,,,,,,,,,,耐震性能C
270008,,大阪府,,大阪府営千里古江台住宅,,,,吹田市古江台４丁目・５丁目,,34.8153007,135.5121303,,,,,,,,,,,,耐震性能A
270008,,大阪府,,大阪府営千里青山台住宅,,,,吹田市青山台２丁目,,34.8235802,135.5023992,,,,,,,,,,,,耐震性能B
270008,,大阪府,,大阪府営千里桃山台住宅,,,,吹田市桃山台１丁目・２丁目,,34.7929245,135.5043304,,,,,,,,,,,,耐震性能C
270008,,大阪府,,大阪府営吹田佐竹台住宅,,,,吹田市佐竹台２丁目・５丁目,,34.7906513,135.5171299,,,,,,,,,,,,耐震性能A
270008,,大阪府,,大阪府営吹田高野台住宅,,,,吹田市高野台１丁目,,34.7934,135.513985,,,,,,,,,,,,耐震性能A
270008,,大阪府,,大阪府営吹田藤白台住宅,,,,吹田市藤白台３丁目,,34.81701,135.514705,,,,,,,,,,,,耐震性能A
270008,,大阪府,,大阪府営吹田古江台住宅,,,,吹田市古江台４丁目,,34.8153007,135.5121303,,,,,,,,,,,,耐震性能A
270008,,大阪府,,大阪府営吹田竹見台住宅,,,,吹田市竹見台４丁目,,34.794554,135.499663,,,,,,,,,,,,耐震性能A
270008,,大阪府,,大阪府営泉大津要池住宅,,,,泉大津市要池住宅,,34.4916844,135.4205704,,,,,,,,,,,,耐震性能A
270008,,大阪府,,大阪府営泉大津式内住宅,,,,泉大津市式内町,,34.4963471,135.4018038,,,,,,,,,,,,耐震性能A
270008,,大阪府,,大阪府営泉大津小松住宅,,,,泉大津市小松町,,34.5094123,135.4070199,,,,,,,,,,,,耐震性能A
270008,,大阪府,,大阪府営泉大津東助松住宅,,,,泉大津市東助松町３丁目,,34.508705,135.422287,,,,,,,,,,,,耐震性能A
270008,,大阪府,,大阪府営泉大津助松住宅,,,,泉大津市助松町３丁目,,34.513616,135.4162467,,,,,,,,,,,,耐震性能A
270008,,大阪府,,大阪府営泉大津なぎさ住宅,,,,泉大津市なぎさ町,,34.5087227,135.4014623,,,,,,,,,,,,耐震性能A
270008,,大阪府,,大阪府営高槻芝生住宅,,,,高槻市芝生町２丁目,,34.8294986,135.6080246,,,,,,,,,,,,耐震性能A
270008,,大阪府,,大阪府営高槻深沢住宅,,,,高槻市深沢町２丁目,,34.8298685,135.6353563,,,,,,,,,,,,耐震性能A
270008,,大阪府,,大阪府営高槻下田部住宅,,,,高槻市登町,,34.8267244,135.6216717,,,,,,,,,,,,耐震性能A
270008,,大阪府,,大阪府営高槻柱本住宅,,,,高槻市柱本新町,,34.7959025,135.6007719,,,,,,,,,,,,耐震性能A
270008,,大阪府,,大阪府営高槻氷室住宅,,,,高槻市氷室町１丁目,,34.8457191,135.5954021,,,,,,,,,,,,耐震性能A
270008,,大阪府,,大阪府営高槻赤大路住宅,,,,高槻市赤大路町,,34.8380286,135.584697,,,,,,,,,,,,耐震性能A
270008,,大阪府,,大阪府営高槻五領住宅,,,,高槻市五領町,,34.863279,135.6542337,,,,,,,,,,,,耐震性能A
270008,,大阪府,,大阪府営高槻沢良木住宅,,,,高槻市千代田町・沢良木町,,34.8479028,135.6305981,,,,,,,,,,,,耐震性能A
270008,,大阪府,,大阪府営高槻栄町住宅,,,,高槻市栄町１丁目,,34.8271383,135.5968827,,,,,,,,,,,,耐震性能A
270008,,大阪府,,大阪府営高槻城東住宅,,,,高槻市城東町,,34.8423619,135.6287985,,,,,,,,,,,,耐震性能A
270008,,大阪府,,大阪府営高槻天川住宅,,,,高槻市天川町,,34.8447858,135.6331354,,,,,,,,,,,,耐震性能A
270008,,大阪府,,大阪府営高槻津之江住宅,,,,高槻市津之江町３丁目,,34.835192,135.6075311,,,,,,,,,,,,耐震性能A
270008,,大阪府,,大阪府営高槻八丁畷住宅,,,,高槻市八丁畷町,,34.853683,135.626875,,,,,,,,,,,,耐震性能A
270008,,大阪府,,大阪府営貝塚森住宅,,,,貝塚市森,,34.4158495,135.3776979,,,,,,,,,,,,耐震性能A
270008,,大阪府,,大阪府営貝塚三ツ松住宅,,,,貝塚市三ツ松,,34.4039531,135.3782237,,,,,,,,,,,,耐震性能A
270008,,大阪府,,大阪府営貝塚久保住宅,,,,貝塚市久保,,34.4452202,135.3760242,,,,,,,,,,,,耐震性能A
270008,,大阪府,,大阪府営貝塚三ツ松第２住宅,,,,貝塚市三ツ松,,34.4083348,135.380466,,,,,,,,,,,,耐震性能A
270008,,大阪府,,大阪府営貝塚王子住宅,,,,貝塚市王子,,34.4291003,135.3447738,,,,,,,,,,,,耐震性能A
270008,,大阪府,,大阪府営貝塚半田住宅,,,,貝塚市半田,,34.4368499,135.3734922,,,,,,,,,,,,耐震性能A
270008,,大阪府,,大阪府営貝塚堀住宅,,,,貝塚市堀２丁目,,34.4517053,135.3643835,,,,,,,,,,,,耐震性能A
270008,,大阪府,,大阪府営貝塚橋本第２住宅,,,,貝塚市橋本,,34.4240803,135.3666902,,,,,,,,,,,,耐震性能A
270008,,大阪府,,大阪府営守口佐太中住宅,,,,守口市佐太中町４丁目,,34.7577446,135.5871999,,,,,,,,,,,,耐震性能A
270008,,大阪府,,大阪府営守口錦通住宅,,,,守口市寺方錦通４丁目,,34.7215973,135.580371,,,,,,,,,,,,耐震性能A
270008,,大阪府,,大阪府営守口淀江住宅,,,,守口市淀江町,,34.7486828,135.5684566,,,,,,,,,,,,耐震性能A
270008,,大阪府,,大阪府営守口金田南住宅,,,,守口市金田町２丁目,,34.7564577,135.5901182,,,,,,,,,,,,耐震性能A
270008,,大阪府,,大阪府営守口藤田住宅,,,,守口市藤田町５丁目,,34.7460822,135.60045,,,,,,,,,,,,耐震性能A
270008,,大阪府,,大阪府営守口八雲北住宅,,,,守口市八雲北町２丁目,,34.7506927,135.5637145,,,,,,,,,,,,耐震性能A
270008,,大阪府,,大阪府営守口金田北住宅,,,,守口市金田町３丁目,,34.7594762,135.5941392,,,,,,,,,,,,耐震性能A
270008,,大阪府,,大阪府営守口佐太東住宅,,,,守口市佐太東町１丁目,,34.755346,135.5886981,,,,,,,,,,,,耐震性能A
270008,,大阪府,,大阪府営守口寺方住宅,,,,守口市寺方本通２丁目,,34.724765,135.575414,,,,,,,,,,,,耐震性能A
270008,,大阪府,,大阪府営枚方三栗住宅,,,,枚方市三栗２丁目,,34.8384213,135.6612207,,,,,,,,,,,,耐震性能A
270008,,大阪府,,大阪府営牧野北住宅,,,,枚方市牧野北町,,34.850976,135.6670535,,,,,,,,,,,,耐震性能A
270008,,大阪府,,大阪府営村野住宅,,,,枚方市村野南町,,34.7972593,135.6646407,,,,,,,,,,,,耐震性能A
270008,,大阪府,,大阪府営枚方田ノ口住宅,,,,枚方市交北３丁目,,34.8301767,135.6813991,,,,,,,,,,,,耐震性能A
270008,,大阪府,,大阪府営枚方招提住宅,,,,枚方市招提南町３丁目,,34.8315681,135.6870532,,,,,,,,,,,,耐震性能A
270008,,大阪府,,大阪府営枚方高田住宅,,,,枚方市高田２丁目,,34.7802009,135.6592977,,,,,,,,,,,,耐震性能A
270008,,大阪府,,大阪府営枚方招提第２住宅,,,,枚方市招提大谷３丁目,,34.8298949,135.6954163,,,,,,,,,,,,耐震性能A
270008,,大阪府,,大阪府営枚方津田第２住宅,,,,枚方市大峰南町,,34.8114778,135.6883621,,,,,,,,,,,,耐震性能A
270008,,大阪府,,大阪府営枚方樋之上住宅,,,,枚方市樋之上町,,34.8530094,135.6688249,,,,,,,,,,,,耐震性能A
270008,,大阪府,,大阪府営枚方藤阪中住宅,,,,枚方市藤阪中町,,34.8225365,135.7065743,,,,,,,,,,,,耐震性能A
270008,,大阪府,,大阪府営枚方交北住宅,,,,枚方市交北３丁目,,34.834197,135.677357,,,,,,,,,,,,耐震性能A
270008,,大阪府,,大阪府営枚方船橋住宅,,,,枚方市南船橋２丁目,,34.8496901,135.6796932,,,,,,,,,,,,耐震性能A
270008,,大阪府,,大阪府営枚方上之町住宅,,,,枚方市枚方上之町,,34.8096456,135.6439367,,,,,,,,,,,,耐震性能A
270008,,大阪府,,大阪府営枚方東牧野住宅,,,,枚方市東牧野町,,34.8367815,135.6773758,,,,,,,,,,,,耐震性能A
270008,,大阪府,,大阪府営枚方牧野住宅,,,,枚方市牧野本町１丁目,,34.8386352,135.671067,,,,,,,,,,,,耐震性能A
270008,,大阪府,,大阪府営枚方津田山手住宅,,,,枚方市津田山手１丁目,,34.8094254,135.7070196,,,,,,,,,,,,耐震性能A
270008,,大阪府,,大阪府営枚方禁野本町住宅,,,,枚方市禁野本町１丁目,,34.8190178,135.6563151,,,,,,,,,,,,耐震性能A
270008,,大阪府,,大阪府営枚方交北第２住宅,,,,枚方市交北３丁目,,34.830265,135.681045,,,,,,,,,,,,耐震性能A
270008,,大阪府,,大阪府営枚方牧野北住宅,,,,枚方市牧野北町,,34.8497606,135.6666362,,,,,,,,,,,,耐震性能A
270008,,大阪府,,大阪府営枚方片鉾住宅,,,,枚方市片鉾東町,,34.8330741,135.6764531,,,,,,,,,,,,耐震性能A
270008,,大阪府,,大阪府営茨木郡山住宅,,,,茨木市新郡山１丁目,,34.8310926,135.5469453,,,,,,,,,,,,耐震性能A
270008,,大阪府,,大阪府営茨木安威住宅,,,,茨木市南安威２丁目,,34.8435356,135.561663,,,,,,,,,,,,耐震性能A
270008,,大阪府,,大阪府営茨木松ケ本住宅,,,,茨木市松ヶ本町,,34.8126135,135.559325,,,,,,,,,,,,耐震性能A
270008,,大阪府,,大阪府営茨木玉水住宅,,,,茨木市玉水町,,34.8065492,135.5718094,,,,,,,,,,,,耐震性能A
270008,,大阪府,,大阪府営茨木東奈良住宅,,,,茨木市東奈良１丁目・２丁目,,34.8046067,135.5702591,,,,,,,,,,,,耐震性能A
270008,,大阪府,,大阪府営茨木玉櫛住宅,,,,茨木市玉櫛１丁目・２丁目,,34.8007393,135.5729145,,,,,,,,,,,,耐震性能A
270008,,大阪府,,大阪府営茨木三島丘住宅,,,,茨木市三島丘１丁目・２丁目,,34.8325193,135.5805051,,,,,,,,,,,,耐震性能A
270008,,大阪府,,大阪府営茨木西福井住宅,,,,茨木市西福井２丁目,,34.8412548,135.5481148,,,,,,,,,,,,耐震性能A
270008,,大阪府,,大阪府営八尾高砂住宅,,,,八尾市高砂町２丁目・４丁目・５丁目,,34.6477107,135.6135499,,,,,,,,,,,,耐震性能B
270008,,大阪府,,大阪府営北山本住宅,,,,八尾市山本町北７丁目,,34.6445332,135.6155884,,,,,,,,,,,,耐震性能A
270008,,大阪府,,大阪府営久宝寺住宅,,,,八尾市久宝寺２丁目,,34.6284187,135.5926877,,,,,,,,,,,,耐震性能A
270008,,大阪府,,大阪府営八尾二俣住宅,,,,八尾市天王寺屋６丁目,,34.6013159,135.6167418,,,,,,,,,,,,耐震性能A
270008,,大阪府,,大阪府営八尾北久宝寺住宅,,,,八尾市北久宝寺２丁目,,34.6310274,135.5871785,,,,,,,,,,,,耐震性能A
270008,,大阪府,,大阪府営八尾緑ヶ丘住宅,,,,八尾市緑ヶ丘２丁目・３丁目・旭ヶ丘５丁目,,34.6361298,135.609827,,,,,,,,,,,,耐震性能A
270008,,大阪府,,大阪府営八尾志紀住宅,,,,八尾市志紀町西１丁目・２丁目・３丁目,,34.6030821,135.6081533,,,,,,,,,,,,耐震性能A
270008,,大阪府,,大阪府営八尾西山本住宅,,,,八尾市西山本町１丁目,,34.6292927,135.6159425,,,,,,,,,,,,耐震性能A
270008,,大阪府,,大阪府営八尾山本住宅,,,,八尾市山本町北６丁目,,34.6432445,135.6169617,,,,,,,,,,,,耐震性能A
270008,,大阪府,,大阪府営八尾植松住宅,,,,八尾市植松町８丁目,,34.6128618,135.5918616,,,,,,,,,,,,耐震性能A
270008,,大阪府,,大阪府営羽倉崎住宅,,,,泉佐野市新安松３丁目,,34.3985797,135.3034544,,,,,,,,,,,,耐震性能A
270008,,大阪府,,大阪府営鶴原中央住宅,,,,泉佐野市鶴原,,34.4278569,135.3419549,,,,,,,,,,,,耐震性能A
270008,,大阪府,,大阪府営泉佐野見出住宅,,,,泉佐野市鶴原,,34.4217771,135.3485934,,,,,,,,,,,,耐震性能A
270008,,大阪府,,大阪府営長滝第１住宅,,,,泉佐野市長滝,,34.3899922,135.3150952,,,,,,,,,,,,耐震性能A
270008,,大阪府,,大阪府営佐野泉陽ケ丘住宅,,,,泉佐野市中庄,,34.4042563,135.334914,,,,,,,,,,,,耐震性能A
270008,,大阪府,,大阪府営泉佐野上町住宅,,,,泉佐野市上町１丁目,,34.411497,135.3247592,,,,,,,,,,,,耐震性能A
270008,,大阪府,,大阪府営泉佐野泉ケ丘住宅,,,,泉佐野市泉ヶ丘１丁目・２丁目,,34.4115479,135.3515625,,,,,,,,,,,,耐震性能A
270008,,大阪府,,大阪府営泉佐野長滝住宅,,,,泉佐野市長滝,,34.3865699,135.3249655,,,,,,,,,,,,耐震性能A
270008,,大阪府,,大阪府営泉佐野鶴原北住宅,,,,泉佐野市鶴原,,34.4184516,135.3455865,,,,,,,,,,,,耐震性能A
270008,,大阪府,,大阪府営泉佐野鶴原住宅,,,,泉佐野市鶴原,,34.4154866,135.3473353,,,,,,,,,,,,耐震性能A
270008,,大阪府,,大阪府営泉佐野佐野台住宅,,,,泉佐野市佐野台,,34.4134066,135.3420568,,,,,,,,,,,,耐震性能A
270008,,大阪府,,大阪府営泉佐野東羽倉崎住宅,,,,泉佐野市東羽倉崎町,,34.3985797,135.3034544,,,,,,,,,,,,耐震性能A
270008,,大阪府,,大阪府営楠風台住宅,,,,富田林市楠風台２丁目,,34.4843534,135.6005144,,,,,,,,,,,,耐震性能A
270008,,大阪府,,大阪府営富田林西住宅,,,,富田林市美山台,,34.4997088,135.5878007,,,,,,,,,,,,耐震性能A
270008,,大阪府,,大阪府営富田林板持住宅,,,,富田林市西板持町２丁目,,34.4966185,135.6040871,,,,,,,,,,,,耐震性能A
270008,,大阪府,,大阪府営富田林双葉住宅,,,,富田林市甲田３丁目,,34.489112,135.5916395,,,,,,,,,,,,耐震性能A
270008,,大阪府,,大阪府営富田林錦ヶ丘住宅,,,,富田林市錦ヶ丘町,,34.4977776,135.5896286,,,,,,,,,,,,耐震性能A
270008,,大阪府,,大阪府営富田林清水住宅,,,,富田林市清水町,,34.5030024,135.6087112,,,,,,,,,,,,耐震性能A
270008,,大阪府,,大阪府営富田林緑ヶ丘住宅,,,,富田林市緑ヶ丘町,,34.5106721,135.6014103,,,,,,,,,,,,耐震性能A
270008,,大阪府,,大阪府営富田林楠住宅,,,,富田林市楠町,,34.5055841,135.6181526,,,,,,,,,,,,耐震性能A
270008,,大阪府,,大阪府営寝屋川三井住宅,,,,寝屋川市三井が丘３丁目,,34.7724811,135.6406295,,,,,,,,,,,,耐震性能A
270008,,大阪府,,大阪府営寝屋川秦住宅,,,,寝屋川市三井が丘２丁目,,34.7695816,135.6451678,,,,,,,,,,,,耐震性能A
270008,,大阪府,,大阪府営寝屋川点野住宅,,,,寝屋川市点野６丁目,,34.7749839,135.5999243,,,,,,,,,,,,耐震性能A
270008,,大阪府,,大阪府営寝屋川仁和寺住宅,,,,寝屋川市仁和寺本町６丁目,,34.76692,135.5906546,,,,,,,,,,,,耐震性能A
270008,,大阪府,,大阪府営寝屋川中木田住宅,,,,寝屋川市中木田町,,34.7580131,135.6167761,,,,,,,,,,,,耐震性能A
270008,,大阪府,,大阪府営寝屋川寝屋住宅,,,,寝屋川市寝屋新町,,34.772296,135.6545663,,,,,,,,,,,,耐震性能A
270008,,大阪府,,大阪府営寝屋川河北住宅,,,,寝屋川市河北西町,,34.7353792,135.6226158,,,,,,,,,,,,耐震性能A
270008,,大阪府,,大阪府営寝屋川大利住宅,,,,寝屋川市大利町,,34.7667481,135.6173855,,,,,,,,,,,,耐震性能A
270008,,大阪府,,大阪府営寝屋川香里住宅,,,,寝屋川市美井町,,34.781071,135.6338033,,,,,,,,,,,,耐震性能A
270008,,大阪府,,大阪府営寝屋川成田東住宅,,,,寝屋川市成田東町,,34.783556,135.6474316,,,,,,,,,,,,耐震性能A
270008,,大阪府,,大阪府営寝屋川春日住宅,,,,寝屋川市春日町・葛原新町,,34.7678454,135.6073809,,,,,,,,,,,,耐震性能A
270008,,大阪府,,大阪府営寝屋川池田住宅,,,,寝屋川市池田西町,,34.7683125,135.6100684,,,,,,,,,,,,耐震性能A
270008,,大阪府,,大阪府営寝屋川高柳住宅,,,,寝屋川市高柳２丁目,,34.7603448,135.6088454,,,,,,,,,,,,耐震性能A
270008,,大阪府,,大阪府営寝屋川御幸西住宅,,,,寝屋川市御幸西町,,34.7523147,135.6050527,,,,,,,,,,,,耐震性能A
270008,,大阪府,,大阪府営寝屋川萱島東住宅,,,,寝屋川市萱島東３丁目,,34.7463114,135.6200194,,,,,,,,,,,,耐震性能A
270008,,大阪府,,大阪府営打上住宅,,,,寝屋川市梅が丘１丁目,,34.7518739,135.6542444,,,,,,,,,,,,耐震性能A
270008,,大阪府,,大阪府営千代田台住宅,,,,河内長野市千代田台町,,34.4628165,135.561735,,,,,,,,,,,,耐震性能A
270008,,大阪府,,大阪府営貴望ケ丘住宅,,,,河内長野市北貴望ヶ丘,,34.4690703,135.5555177,,,,,,,,,,,,耐震性能A
270008,,大阪府,,大阪府営河内長野三日市住宅,,,,河内長野市三日市町,,34.440867,135.5713803,,,,,,,,,,,,耐震性能A
270008,,大阪府,,大阪府営河内長野木戸住宅,,,,河内長野市木戸東町,,34.4743241,135.5738211,,,,,,,,,,,,耐震性能A
270008,,大阪府,,大阪府営河内長野楠住宅,,,,河内長野市楠町東,,34.4731036,135.5634141,,,,,,,,,,,,耐震性能A
270008,,大阪府,,大阪府営河内長野千代田台住宅,,,,河内長野市千代田台町,,34.4616842,135.563634,,,,,,,,,,,,耐震性能A
270008,,大阪府,,大阪府営松原一津屋住宅,,,,松原市一津屋３丁目,,34.5803216,135.5694222,,,,,,,,,,,,耐震性能A
270008,,大阪府,,大阪府営松原立部住宅,,,,松原市立部５丁目,,34.5605148,135.5613756,,,,,,,,,,,,耐震性能A
270008,,大阪府,,大阪府営松原天美住宅,,,,松原市天美西１丁目,,34.5885892,135.5289423,,,,,,,,,,,,耐震性能A
270008,,大阪府,,大阪府営松原岡住宅,,,,松原市岡２丁目,,34.5645304,135.5557323,,,,,,,,,,,,耐震性能A
270008,,大阪府,,大阪府営松原上田住宅,,,,松原市上田８丁目,,34.5694968,135.5621273,,,,,,,,,,,,耐震性能A
270008,,大阪府,,大阪府営大東寺川住宅,,,,大東市寺川１丁目,,34.7092242,135.642947,,,,,,,,,,,,耐震性能A
270008,,大阪府,,大阪府営大東朋来住宅,,,,大東市朋来１丁目・２丁目・東大阪市加納８丁目,,34.698093,135.6163824,,,,,,,,,,,,耐震性能A
270008,,大阪府,,大阪府営ペア大東朋来住宅,,,,大東市朋来１丁目,,34.6996543,135.6163394,,,,,,,,,,,,耐震性能A
270008,,大阪府,,大阪府営大東南郷住宅,,,,大東市南郷町,,34.7108161,135.6128204,,,,,,,,,,,,耐震性能A
270008,,大阪府,,大阪府営大東北新町住宅,,,,大東市北新町,,34.7310412,135.6372285,,,,,,,,,,,,耐震性能A
270008,,大阪府,,大阪府営大東末広住宅,,,,大東市末広町,,34.7048076,135.6210874,,,,,,,,,,,,耐震性能A
270008,,大阪府,,大阪府営和泉寺田住宅,,,,和泉市寺田町,,34.4708879,135.4327583,,,,,,,,,,,,耐震性能A
270008,,大阪府,,大阪府営和泉今福住宅,,,,和泉市今福町２丁目,,34.4734131,135.4282415,,,,,,,,,,,,耐震性能A
270008,,大阪府,,大阪府営和泉繁和住宅,,,,和泉市繁和町,,34.4812581,135.4168582,,,,,,,,,,,,耐震性能A
270008,,大阪府,,大阪府営和泉北信太住宅,,,,和泉市上町,,34.5119408,135.4511583,,,,,,,,,,,,耐震性能A
270008,,大阪府,,大阪府営和泉伯太住宅,,,,和泉市伯太町２丁目,,34.4926659,135.4322755,,,,,,,,,,,,耐震性能A
270008,,大阪府,,大阪府営箕面住宅,,,,箕面市新稲１丁目,,34.8331313,135.4627776,,,,,,,,,,,,耐震性能A
270008,,大阪府,,大阪府営箕面桜住宅,,,,箕面市桜１丁目,,34.8252976,135.463475,,,,,,,,,,,,耐震性能A
270008,,大阪府,,大阪府営柏原河原住宅,,,,柏原市河原町,,34.5905765,135.6233346,,,,,,,,,,,,耐震性能A
270008,,大阪府,,大阪府営柏原旭ケ丘住宅,,,,柏原市旭ヶ丘３丁目,,34.558138,135.6376684,,,,,,,,,,,,耐震性能A
270008,,大阪府,,大阪府営柏原円明住宅,,,,柏原市円明町,,34.5602144,135.627712,,,,,,,,,,,,耐震性能A
270008,,大阪府,,大阪府営柏原芝山住宅,,,,柏原市国分市場１丁目,,34.5710814,135.6476462,,,,,,,,,,,,耐震性能A
270008,,大阪府,,大阪府営古市住宅,,,,羽曳野市古市,,34.5432131,135.6134105,,,,,,,,,,,,耐震性能D
270008,,大阪府,,大阪府営羽曳野城山住宅,,,,羽曳野市古市６丁目,,34.5416047,135.6103528,,,,,,,,,,,,耐震性能A
270008,,大阪府,,大阪府営羽曳野高鷲住宅,,,,羽曳野市高鷲４丁目・５丁目,,34.5637132,135.5884337,,,,,,,,,,,,耐震性能A
270008,,大阪府,,大阪府営羽曳野翠鳥園住宅,,,,羽曳野市翠鳥園,,34.5547936,135.6028801,,,,,,,,,,,,耐震性能A
270008,,大阪府,,大阪府営羽曳野碓井住宅,,,,羽曳野市碓井４丁目,,34.5623903,135.6195103,,,,,,,,,,,,耐震性能A
270008,,大阪府,,大阪府営羽曳野野々上住宅,,,,羽曳野市野々上５丁目,,34.5614602,135.5904937,,,,,,,,,,,,耐震性能A
270008,,大阪府,,大阪府営羽曳野古市住宅,,,,羽曳野市古市,,34.5430923,135.610895,,,,,,,,,,,,耐震性能A
270008,,大阪府,,大阪府営門真下馬伏住宅,,,,門真市江端町,,34.7211211,135.6155241,,,,,,,,,,,,耐震性能A
270008,,大阪府,,大阪府営門真北岸和田住宅,,,,門真市北岸和田１丁目,,34.7384562,135.6202018,,,,,,,,,,,,耐震性能A
270008,,大阪府,,大阪府営門真三ツ島住宅,,,,門真市三ツ島,,34.7216149,135.6050849,,,,,,,,,,,,耐震性能A
270008,,大阪府,,大阪府営門真北島住宅,,,,門真市五月田町,,34.7297009,135.5980146,,,,,,,,,,,,耐震性能A
270008,,大阪府,,大阪府営門真古川橋住宅,,,,門真市御堂町,,34.7445791,135.5962604,,,,,,,,,,,,耐震性能A
270008,,大阪府,,大阪府営門真御堂住宅,,,,門真市御堂町,,34.7445174,135.5953002,,,,,,,,,,,,耐震性能A
270008,,大阪府,,大阪府営門真上島住宅,,,,門真市上島町,,34.7445394,135.608604,,,,,,,,,,,,耐震性能A
270008,,大阪府,,大阪府営摂津南別府住宅,,,,摂津市南別府町,,34.7585114,135.5520737,,,,,,,,,,,,耐震性能A
270008,,大阪府,,大阪府営摂津味生住宅,,,,摂津市一津屋１丁目,,34.7596088,135.566445,,,,,,,,,,,,耐震性能A
270008,,大阪府,,大阪府営摂津正雀住宅,,,,摂津市正雀本町１丁目,,34.7749046,135.5476534,,,,,,,,,,,,耐震性能A
270008,,大阪府,,大阪府営摂津鳥飼西住宅,,,,摂津市鳥飼西２丁目,,34.7701522,135.5770015,,,,,,,,,,,,耐震性能A
270008,,大阪府,,大阪府営富木住宅,,,,高石市西取石１丁目・３丁目,,34.522266,135.4495382,,,,,,,,,,,,耐震性能A
270008,,大阪府,,大阪府営富木南住宅,,,,高石市取石７丁目,,34.5164494,135.4533899,,,,,,,,,,,,耐震性能A
270008,,大阪府,,大阪府営取石住宅,,,,高石市取石７丁目,,34.5190395,135.4582286,,,,,,,,,,,,耐震性能A
270008,,大阪府,,大阪府営高石加茂住宅,,,,高石市加茂１丁目,,34.5226169,135.435803,,,,,,,,,,,,耐震性能B
270008,,大阪府,,大阪府営高石綾井住宅,,,,高石市加茂３丁目,,34.5226808,135.4421913,,,,,,,,,,,,耐震性能A
270008,,大阪府,,大阪府営高石綾園住宅,,,,高石市綾園３丁目,,34.5185621,135.4312563,,,,,,,,,,,,耐震性能A
270008,,大阪府,,大阪府営藤井寺道明寺住宅,,,,藤井寺市道明寺６丁目,,34.5668938,135.611769,,,,,,,,,,,,耐震性能A
270008,,大阪府,,大阪府営藤井寺小山西住宅,,,,藤井寺市小山２丁目,,34.5777113,135.5878866,,,,,,,,,,,,耐震性能A
270008,,大阪府,,大阪府営藤井寺川北住宅,,,,藤井寺市川北３丁目,,34.5846796,135.615449,,,,,,,,,,,,耐震性能A
270008,,大阪府,,大阪府営藤井寺大井住宅,,,,藤井寺市大井５丁目,,34.5798623,135.6156635,,,,,,,,,,,,耐震性能A
270008,,大阪府,,大阪府営藤井寺小山藤美住宅,,,,藤井寺市小山藤美町,,34.580235,135.5963903,,,,,,,,,,,,耐震性能A
270008,,大阪府,,大阪府営東鴻池住宅,,,,東大阪市東鴻池町１丁目,,34.6961789,135.6126273,,,,,,,,,,,,耐震性能A
270008,,大阪府,,大阪府営東鴻池第２住宅,,,,東大阪市東鴻池町２丁目,,34.691433,135.6166184,,,,,,,,,,,,耐震性能A
270008,,大阪府,,大阪府営東大阪加納住宅,,,,東大阪市加納３丁目,,34.6937266,135.6265855,,,,,,,,,,,,耐震性能A
270008,,大阪府,,大阪府営東大阪稲田住宅,,,,東大阪市稲田新町１丁目・２丁目,,34.6900039,135.5850971,,,,,,,,,,,,耐震性能A
270008,,大阪府,,大阪府営東大阪鴻池住宅,,,,東大阪市鴻池町１丁目,,34.6995308,135.6056428,,,,,,,,,,,,耐震性能A
270008,,大阪府,,大阪府営東大阪吉田住宅,,,,東大阪市島之内１丁目,,34.6782437,135.6174338,,,,,,,,,,,,耐震性能A
270008,,大阪府,,大阪府営東大阪春宮住宅,,,,東大阪市荒本北,,34.6806347,135.5991626,,,,,,,,,,,,耐震性能A
270008,,大阪府,,大阪府営東大阪島之内住宅,,,,東大阪市島之内２丁目,,34.6780408,135.6207275,,,,,,,,,,,,耐震性能A
270008,,大阪府,,大阪府営東大阪玉串住宅,,,,東大阪市玉串町東１丁目,,34.6568629,135.6207168,,,,,,,,,,,,耐震性能A
270008,,大阪府,,大阪府営東大阪中鴻池住宅,,,,東大阪市中鴻池町３丁目,,34.6957555,135.6035721,,,,,,,,,,,,耐震性能A
270008,,大阪府,,大阪府営東大阪新上小阪住宅,,,,東大阪市新上小阪,,34.649979,135.590204,,,,,,,,,,,,耐震性能A
270008,,大阪府,,大阪府営前畑住宅,,,,泉南市樽井８丁目,,34.3753028,135.2678561,,,,,,,,,,,,耐震性能A
270008,,大阪府,,大阪府営泉南樽井住宅,,,,泉南市樽井６丁目,,34.3731008,135.2638452,,,,,,,,,,,,耐震性能A
270008,,大阪府,,大阪府営泉南りんくう住宅,,,,泉南市りんくう南浜,,34.3784729,135.2645409,,,,,,,,,,,,耐震性能A
270008,,大阪府,,大阪府営泉南岡田住宅,,,,泉南市岡田７丁目,,34.3931617,135.2820826,,,,,,,,,,,,耐震性能A
270008,,大阪府,,大阪府営清滝住宅,,,,四條畷市清滝新町,,34.7413216,135.6567979,,,,,,,,,,,,耐震性能A
270008,,大阪府,,大阪府営交野梅ケ枝住宅,,,,交野市梅が枝,,34.7889772,135.671314,,,,,,,,,,,,耐震性能A
270008,,大阪府,,大阪府営交野松塚住宅,,,,交野市松塚,,34.7942814,135.6669474,,,,,,,,,,,,耐震性能A
270008,,大阪府,,大阪府営交野藤ケ尾住宅,,,,交野市藤が尾１丁目,,34.7719259,135.6756055,,,,,,,,,,,,耐震性能A
270008,,大阪府,,大阪府営交野星田住宅,,,,交野市星田６丁目,,34.7631323,135.6632384,,,,,,,,,,,,耐震性能A
270008,,大阪府,,大阪府営交野梅が枝第２住宅,,,,交野市梅が枝,,34.7876511,135.6716788,,,,,,,,,,,,耐震性能A
270008,,大阪府,,大阪府営島本江川住宅,,,,三島郡島本町江川１丁目,,34.8831889,135.6756159,,,,,,,,,,,,耐震性能A
270008,,大阪府,,大阪府営忠岡東第１住宅,,,,泉北郡忠岡町忠岡東１丁目,,34.487988,135.4019237,,,,,,,,,,,,耐震性能A
270008,,大阪府,,大阪府営忠岡東第２住宅,,,,泉北郡忠岡町忠岡東１丁目,,34.4868011,135.3994818,,,,,,,,,,,,耐震性能A
270008,,大阪府,,大阪府営熊取朝代住宅,,,,泉南郡熊取町長池,,34.3910635,135.3528178,,,,,,,,,,,,耐震性能A
270008,,大阪府,,大阪府営田尻芦原住宅,,,,泉南郡田尻町嘉祥寺,,34.3909329,135.2927041,,,,,,,,,,,,耐震性能A
270008,,大阪府,,大阪府営田尻りんくう住宅,,,,泉南郡田尻町りんくうポート北,,34.3989427,135.2893031,,,,,,,,,,,,耐震性能A
270008,,大阪府,,大阪府営岬深日住宅,,,,泉南郡岬町深日,,34.3161342,135.1505363,,,,,,,,,,,,耐震性能A
270008,,大阪府,,大阪府営尾崎鉄筋住宅,,,,阪南市尾崎町６丁目,,34.3680236,135.2436626,,,,,,,,,,,,耐震性能A
270008,,大阪府,,大阪府営東鳥取石田住宅,,,,阪南市石田,,34.3498937,135.2450252,,,,,,,,,,,,耐震性能A
270008,,大阪府,,大阪府営阪南尾崎住宅,,,,阪南市尾崎町５丁目,,34.3666818,135.2457079,,,,,,,,,,,,耐震性能A
270008,,大阪府,,大阪府営狭山住宅,,,,大阪狭山市西山台４丁目,,34.4852289,135.5394459,,,,,,,,,,,,耐震性能A
270008,,大阪府,,大阪府営美原南余部住宅,,,,堺市美原区南余部西１丁目・２丁目・３丁目,,34.5339864,135.5431044,,,,,,,,,,,,耐震性能A
270008,,大阪府,,大阪府営美原北余部住宅,,,,堺市美原区北余部西１丁目・２丁目・４丁目,,34.5407298,135.5436194,,,,,,,,,,,,耐震性能A
270008,,大阪府,,大阪府営美原平尾住宅,,,,堺市美原区平尾,,34.5280557,135.5704093,,,,,,,,,,,,耐震性能A
270008,,大阪府,,青少年海洋センター,,,,泉南郡岬町6190番地,,34.336136,135.181704,,,,,,,,,,,,耐震性能A
270008,,大阪府,,青少年海洋センターマリンロッジ海風館,,,,泉南郡岬町6190番地,,34.335233,135.181446,,,,,,,,,,,,耐震性能A
270008,,大阪府,,大阪府公館,,,,大阪市中央区大手前2丁目1番46号,,34.686001,135.518871,,,,,,,,,,,,耐震性能C
270008,,大阪府,,分館6号館,,,,大阪市中央区大手前3丁目1番88号,,34.6853389,135.5199276,,,,,,,,,,,,耐震性能C
270008,,大阪府,,旧職員会館,,,,大阪市中央区大手前2丁目1番59号,,34.6866749,135.5186777,,,,,,,,,,,,未診断
270008,,大阪府,,旧議会会館,,,,大阪市中央区谷町2丁目2番6号,,34.6860222,135.5181,,,,,,,,,,,,耐震性能B
270008,,大阪府,,なにわ北府税事務所,,,,大阪市北区西天満３丁目５番２４号,,34.6973597,135.5088838,,,,,,,,,,,,耐震性能A
270008,,大阪府,,泉北府税事務所,,,,堺市堺区中安井町３丁４番１号,,34.571049,135.479149,,,,,,,,,,,,耐震性能A
270008,,大阪府,,中河内府税事務所,,,,東大阪市御厨栄町４丁目１番１６号,,34.6669341,135.5837335,,,,,,,,,,,,耐震性能A
270008,,大阪府,,夕陽丘庁舎,,,,大阪市天王寺区伶人町2番7号,,34.6552865,135.5132652,,,,,,,,,,,,耐震性能A
270008,,大阪府,,大阪府立男女共同参画・青少年センター（ドーンセンター）,,,,大阪市中央区大手前１丁目３番４９号,,34.69001,135.520773,,,,,,,,,,,,耐震性能A
270008,,大阪府,,センチュリーオーケストラハウス,,,,豊中市服部緑地1-7,,34.7745111,135.4895844,,,,,,,,,,,,耐震性能A
270008,,大阪府,,大阪府立江之子島文化芸術創造センター,,,,大阪市西区江之子島２丁目１番３４号,,34.681393,135.483742,,,,,,,,,,,,耐震性能A
270008,,大阪府,,大阪府立国際会議場,,,,大阪市北区中之島５丁目３番５１号,,34.6893768,135.4862389,,,,,,,,,,,,耐震性能A
270008,,大阪府,,（旧）国際児童文学館,,,,吹田市千里万博公園10番6号,,34.811921,135.53427,,,,,,,,,,,,耐震性能A
270008,,大阪府,,日本万国博覧会記念公園,,,,吹田市千里万博公園1番1号,,34.808183,135.532386,,,,,,,,,,,,耐震性能B
270008,,大阪府,,障がい者交流促進センター,,,,堺市南区城山台5丁1番2号,,34.4663461,135.4821106,,,,,,,,,,,,耐震性能A
270008,,大阪府,,旧大阪府ＩＴステーション,,,,大阪市天王寺区六万体町３丁目２１番地,,34.6593333,135.5146872,,,,,,,,,,,,耐震性能A
270008,,大阪府,,盲人福祉センター,,,,大阪市天王寺区生玉前町５番２５号,,34.6623135,135.5152176,,,,,,,,,,,,耐震性能B
270008,,大阪府,,谷町福祉センター,,,,大阪市中央区谷町5丁目4番13号,,34.6768924,135.5181225,,,,,,,,,,,,耐震性能B
270008,,大阪府,,大阪府立稲スポーツセンター,,,,箕面市稲6丁目15番26号,,34.818164,135.484624,,,,,,,,,,,,耐震性能A
270008,,大阪府,,大阪府立大型児童館ビックバン,,,,堺市南区茶山台1丁9番1号,,34.4949045,135.5136826,,,,,,,,,,,,耐震性能A
270008,,大阪府,,大阪府立修徳学院,,,,柏原市大字高井田809番1号,,34.573189,135.643085,,,,,,,,,,,,耐震性能A
270008,,大阪府,,岸和田子ども家庭センター,,,,岸和田市宮前町7番30号,,34.4688114,135.3884606,,,,,,,,,,,,耐震性能A
270008,,大阪府,,池田子ども家庭センター,,,,池田市満寿美町9番17号,,34.817897,135.426214,,,,,,,,,,,,耐震性能A
270008,,大阪府,,中央子ども家庭センター,,,,寝屋川市八坂町28番5号,,34.7668234,135.621842,,,,,,,,,,,,耐震性能A
270008,,大阪府,,東大阪子ども家庭センター,,,,東大阪市永和1丁目7番4号,,34.662515,135.573317,,,,,,,,,,,,耐震性能A
270008,,大阪府,,子どもライフサポートセンター,,,,堺市南区城山台5丁1番5号,,34.467593,135.479665,,,,,,,,,,,,耐震性能A
270008,,大阪府,,大阪府こころの健康総合センター,,,,大阪市住吉区万代東三丁目1-46,,34.615758,135.503885,,,,,,,,,,,,耐震性能A
270008,,大阪府,,監察医事務所,,,,大阪市中央区馬場町1番6号,,34.6817088,135.5278021,,,,,,,,,,,,耐震性能A
270008,,大阪府,,旧大阪府立健康科学センター,,,,大阪市東成区中道1丁目3番2号,,34.6810063,135.5352321,,,,,,,,,,,,耐震性能A
270008,,大阪府,,大阪がん循環器病予防センター,,,,大阪市城東区森之宮1丁目6番107号,,34.681819,135.53527,,,,,,,,,,,,耐震性能A
270008,,大阪府,,上汐会館,,,,大阪市天王寺区上汐5丁目2番3号,,34.6605164,135.516612,,,,,,,,,,,,耐震性能A
270008,,大阪府,,大阪府立労働センター,,,,大阪市中央区北浜東3番14号,,34.6899328,135.5129559,,,,,,,,,,,,耐震性能A
270008,,大阪府,,芦原高等職業技術専門校,,,,大阪市浪速区木津川２丁目３番１５号,,34.6599469,135.4840094,,,,,,,,,,,,耐震性能A
270008,,大阪府,,大阪府港湾教育訓練センター,,,,大阪市大正区鶴町2丁目20番21号,,34.6384819,135.4529767,,,,,,,,,,,,耐震性能A
270008,,大阪府,,東大阪高等職業技術専門校,,,,東大阪市菱江6丁目9番10号,,34.675566,135.607123,,,,,,,,,,,,耐震性能A
270008,,大阪府,,南大阪高等職業技術専門校,,,,和泉市テクノステージ2丁目3番5号,,34.4217899,135.4523086,,,,,,,,,,,,耐震性能A
270008,,大阪府,,夕陽丘高等職業技術専門校,,,,大阪市天王寺区上汐4丁目4番1号,,34.6623385,135.5160175,,,,,,,,,,,,耐震性能A
270008,,大阪府,,北大阪高等職業技術専門校,,,,枚方市津田山手2丁目11番40号,,34.802492,135.713274,,,,,,,,,,,,耐震性能A
270008,,大阪府,,マイドームおおさか,,,,大阪市中央区本町橋2-5,,34.6848694,135.5111479,,,,,,,,,,,,耐震性能A
270008,,大阪府,,大阪府立花の文化園,,,,河内長野市高向２２９２－１,,34.4342481,135.5534856,,,,,,,,,,,,耐震性能A
270008,,大阪府,,らくらくセンターハウス,,,,東大阪市上六万寺町１７４８－２,,34.655848,135.653955,,,,,,,,,,,,耐震性能A
270008,,大阪府,,ちはや星と自然のミュージアム,,,,南河内郡千早赤阪村大字千早１３１３－２ ,,34.4109739,135.6773885,,,,,,,,,,,,耐震性能A
270008,,大阪府,,紀泉わいわい村,,,,泉南市信達葛畑２０７番地,,34.3333627,135.3239768,,,,,,,,,,,,耐震性能A
270008,,大阪府,,中央卸売市場,,,,茨木市宮島１丁目１番１号,,34.7927913,135.5838898,,,,,,,,,,,,耐震性能A
270008,,大阪府,,安威川ダム建設事務所,,,,茨木市大住町8番11号,,34.8231408,135.5757205,,,,,,,,,,,,耐震性能A
270008,,大阪府,,住吉公園,,,,大阪市住之江区浜口東1-1-13,,34.612345,135.488505,,,,,,,,,,,,耐震性能A
270008,,大阪府,,住之江公園,,,,大阪市住之江区南加賀屋1-1-117,,34.6123162,135.4740867,,,,,,,,,,,,耐震性能A
270008,,大阪府,,大泉緑地,,,,堺市北区金岡町128,,34.5665193,135.5245771,,,,,,,,,,,,耐震性能A
270008,,大阪府,,浜寺公園,,,,堺市西区浜寺公園町,,34.541569,135.440698,,,,,,,,,,,,耐震性能A
270008,,大阪府,,服部緑地,,,,豊中市服部緑地1-1,,34.7787773,135.4838515,,,,,,,,,,,,耐震性能A
270008,,大阪府,,久宝寺緑地,,,,八尾市西久宝寺323,,34.6300238,135.578249,,,,,,,,,,,,耐震性能A
270008,,大阪府,,せんなん里海公園,,,,泉南郡岬町淡輪地先,,34.336242,135.190844,,,,,,,,,,,,耐震性能A
270008,,大阪府,,りんくう公園,,,,泉佐野市りんくう往来北１,,34.413221,135.296706,,,,,,,,,,,,耐震性能A
270008,,大阪府,,二色の浜公園,,,,貝塚市澤859-1,,34.4371587,135.3369829,,,,,,,,,,,,耐震性能A
270008,,大阪府,,寝屋川公園,,,,寝屋川市寝屋川公園1707,,34.762478,135.652281,,,,,,,,,,,,耐震性能A
270008,,大阪府,,深北緑地,,,,大東市深野北4-284,,34.726735,135.628558,,,,,,,,,,,,耐震性能A
270008,,大阪府,,太間排水機場,,,,寝屋川市太間町18-1,,34.7864902,135.6149532,,,,,,,,,,,,耐震性能A
270008,,大阪府,,箕面公園,,,,箕面市箕面公園1-18,,34.841048,135.4715289,,,,,,,,,,,,耐震性能A
270008,,大阪府,,錦織公園,,,,富田林市錦織1560,,34.4785379,135.5756687,,,,,,,,,,,,耐震性能A
270008,,大阪府,,大阪府立狭山池博物館,,,,大阪狭山市池尻中2丁目,,34.507464,135.551829,,,,,,,,,,,,耐震性能A
270008,,大阪府,,鴻池水みらいセンター,,,,東大阪市北鴻池町1-18,,34.702619,135.594024,,,,,,,,,,,,耐震性能A
270008,,大阪府,,渚水みらいセンター,,,,枚方市渚内野4丁目10番1号,,34.8399267,135.6591153,,,,,,,,,,,,耐震性能A
270008,,大阪府,,川俣水みらいセンター,,,,東大阪市川俣2丁目1番1号,,34.6827432,135.5776729,,,,,,,,,,,,耐震性能A
270008,,大阪府,,狭山水みらいセンター,,,,大阪狭山市東池尻6丁目1647,,34.516111,135.563436,,,,,,,,,,,,耐震性能A
270008,,大阪府,,今池水みらいセンター,,,,松原市天美西7丁目265番地-1,,34.5915914,135.5245541,,,,,,,,,,,,耐震性能A
270008,,大阪府,,大井水みらいセンター,,,,藤井寺市西大井1丁目407番1号,,34.5790325,135.6033423,,,,,,,,,,,,耐震性能A
270008,,大阪府,,大阪南下水汚泥広域処理場,,,,忠岡町新浜3丁目1-4,,34.501629,135.372268,,,,,,,,,,,,耐震性能A
270008,,大阪府,,高槻水みらいセンター,,,,高槻市番田2丁目1番1号,,34.8215779,135.6217381,,,,,,,,,,,,耐震性能A
270008,,大阪府,,中央水みらいセンター,,,,茨木市宮島3丁目1番1号,,34.78262,135.5721853,,,,,,,,,,,,耐震性能A
270008,,大阪府,,堺３区港湾施設,,,,堺市堺区築港南町2番地,,34.588523,135.456464,,,,,,,,,,,,未診断
270008,,大阪府,,石川河川公園,,,,羽曳野市駒ヶ谷140,,34.546103,135.620749,,,,,,,,,,,,耐震性能A
270008,,大阪府,,大阪府立体育会館,,,,大阪市浪速区難波中3丁目4番36号,,34.6623329,135.499183,,,,,,,,,,,,耐震性能A
270008,,大阪府,,大阪府立門真スポーツセンター,,,,門真市三ツ島3丁目7-16,,34.7156924,135.5944015,,,,,,,,,,,,耐震性能A
270008,,大阪府,,大阪府立臨海スポーツセンター,,,,高石市高師浜丁6番1号,,34.5287717,135.4289923,,,,,,,,,,,,耐震性能A
270008,,大阪府,,大阪府立漕艇センター,,,,高石市高砂1丁目,,34.53529,135.43112,,,,,,,,,,,,耐震性能A
270008,,大阪府,,大阪府立少年自然の家,,,,貝塚市木積字秋山長尾3350,,34.366731,135.406866,,,,,,,,,,,,耐震性能A
270008,,大阪府,,大阪府立中央図書館,,,,東大阪市荒本北1丁目2番1号,,34.680962,135.60064,,,,,,,,,,,,耐震性能A
270008,,大阪府,,大阪府立中之島図書館,,,,大阪市北区中之島1丁目2番10号,,34.693648,135.503199,,,,,,,,,,,,耐震性能A
270008,,大阪府,,大阪府教育庁文化財調査事務所,,,,堺市南区竹城台3丁21番4号,,34.493013,135.501168,,,,,,,,,,,,耐震性能A
270008,,大阪府,,大阪府立近つ飛鳥博物館,,,,南河内郡河南町大字東山299番地,,34.5031332,135.6437838,,,,,,,,,,,,耐震性能A
270008,,大阪府,,大阪府立弥生文化博物館,,,,和泉市池上町4丁目8番27号,,34.4992414,135.4271627,,,,,,,,,,,,耐震性能A
270008,,大阪府,,泉州警備派出所,,,,泉大津市なぎさ町4-10,,34.5098316,135.3995344,,,,,,,,,,,,耐震性能A
270008,,大阪府,,西成労働福祉センター,,,,大阪市西成区萩之茶屋1丁目3番28号,,34.648349,135.499804,,,,,,,,,,,,耐震性能A
270008,,大阪府,,山田池公園,,,,枚方市山田池公園1-1,,34.822855,135.688607,,,,,,,,,,,,耐震性能A
